alpha2,alpha3,englishName,demonym,numericCode,capitalEnglishName,areaKM2,population,currencyCode,currencyName,currencySymbol,cctld,flagEmoji,phoneCode
AD,AND,Andorra,Andorrans,20,Andorra la Vella,468,76953,EUR,Euro,â‚¬,ad,ğŸ‡¦ğŸ‡©,376
AE,ARE,United Arab Emirates,Emirians,784,Abu Dhabi,83600,9541615,AED,United Arab Emirates Dirham,Ø¯.Ø¥,ae,ğŸ‡¦ğŸ‡ª,971
AF,AFG,Afghanistan,Afghans,4,Kabul,652230,36373176,AFN,Afghan Afghani,Ø‹,af,ğŸ‡¦ğŸ‡«,93
AG,ATG,Antigua and Barbuda,Antiguans or Barbudans,28,Saint John's,442,103050,XCD,East Caribbean Dollar,$,ag,ğŸ‡¦ğŸ‡¬,1
AI,AIA,Anguilla,Anguillans,660,The Valley,91,15045,XCD,East Caribbean Dollar,$,ai,ğŸ‡¦ğŸ‡®,1
AL,ALB,Albania,Albanians,8,Tirana,28748,2934363,ALL,Albanian Lek,L,al,ğŸ‡¦ğŸ‡±,355
AM,ARM,Armenia,Armenians,51,Yerevan,29743,2934152,AMD,Armenian Dram,Ö,am,ğŸ‡¦ğŸ‡²,374
AO,AGO,Angola,Angolans,24,Luanda,1246700,30774205,AOA,Angolan Kwanza,Kz,ao,ğŸ‡¦ğŸ‡´,244
AQ,ATA,Antarctica,Antarctic residents,10,-,14000000,0,,,,aq,ğŸ‡¦ğŸ‡¶,672
AR,ARG,Argentina,Argentines,32,Buenos Aires,2780400,44688864,ARS,Argentine Peso,$,ar,ğŸ‡¦ğŸ‡·,54
AS,ASM,American Samoa,American Samoans,16,Pago Pago,199,55679,USD,United States Dollar,$,as,ğŸ‡¦ğŸ‡¸,1
AT,AUT,Austria,Austrians,40,Vienna,83871,8751820,EUR,Euro,â‚¬,at,ğŸ‡¦ğŸ‡¹,43
AU,AUS,Australia,Australians,36,Canberra,7741220,24772247,AUD,Australian Dollar,$,au,ğŸ‡¦ğŸ‡º,61
AW,ABW,Aruba,Arubans,533,Oranjestad,180,105670,AWG,Aruban Florin,Afl,aw,ğŸ‡¦ğŸ‡¼,297
AX,ALA,Aland Islands,Aland Islanders,248,Mariehamn,1552,29013,EUR,Euro,â‚¬,ax,ğŸ‡¦ğŸ‡½,358
AZ,AZE,Azerbaijan,Azerbaijanis,31,Baku,86600,9923914,AZN,Azerbaijani Manat,â‚¼,az,ğŸ‡¦ğŸ‡¿,994
BA,BIH,Bosnia and Herzegovina,Bosnians or Herzegovinians,70,Sarajevo,51197,3503554,BAM,Bosnia And Herzegovina Convertible Mark,KM,ba,ğŸ‡§ğŸ‡¦,387
BB,BRB,Barbados,Barbadians,52,Bridgetown,430,286388,USD,United States Dollar,$,bb,ğŸ‡§ğŸ‡§,1
BD,BGD,Bangladesh,Bangladeshis,50,Dhaka,143998,166368149,BDT,Bangladeshi Taka,à§³,bd,ğŸ‡§ğŸ‡©,880
BE,BEL,Belgium,Belgians,56,Brussels,30528,11498519,EUR,Euro,â‚¬,be,ğŸ‡§ğŸ‡ª,32
BF,BFA,Burkina Faso,Burkinabe,854,Ouagadougou,274200,19751651,XOF,Cfa Franc Bceao,CFA,bf,ğŸ‡§ğŸ‡«,226
BG,BGR,Bulgaria,Bulgarians,100,Sofia,110879,7036848,BGN,Bulgarian Lev,Ğ»Ğ²,bg,ğŸ‡§ğŸ‡¬,359
BH,BHR,Bahrain,Bahrainis,48,Manama,760,1566993,BHD,Bahraini Dinar,BD,bh,ğŸ‡§ğŸ‡­,973
BI,BDI,Burundi,Burundians,108,Bujumbura,27830,11216450,BIF,Burundian Franc,FBu,bi,ğŸ‡§ğŸ‡®,257
BJ,BEN,Benin,Beninese,204,Porto-Novo,112622,11485674,XOF,Cfa Franc Bceao,CFA,bj,ğŸ‡§ğŸ‡¯,229
BL,BLM,Saint Barthelemy,Barthelemois,652,Gustavia,21,8450,EUR,Euro,â‚¬,gp,ğŸ‡§ğŸ‡±,590
BM,BMU,Bermuda,Bermudians,60,Hamilton,54,61070,BMD,Bermudian Dollar,$,bm,ğŸ‡§ğŸ‡²,1
BN,BRN,Brunei Darussalam,Bruneians,96,Bandar Seri Begawan,5765,434076,SGD,Brunei Dollar,$,bn,ğŸ‡§ğŸ‡³,673
BO,BOL,Bolivia (Plurinational State of),Bolivians,68,Sucre,1098581,11215674,BOB,Boliviano,Bs,bo,ğŸ‡§ğŸ‡´,591
BQ,BES,"Bonaire, Sint Eustatius and Saba",Bonaire Dutch,535,Kralendijk,328,24548,USD,United States Dollar,$,bq,ğŸ‡§ğŸ‡¶,599
BR,BRA,Brazil,Brazilians,76,Brasileia,8514877,210867954,BRL,Brazilian Real,Cz$,br,ğŸ‡§ğŸ‡·,55
BS,BHS,Bahamas,Bahamians,44,Nassau,13880,399285,BSD,Bahamian Dollar,$,bs,ğŸ‡§ğŸ‡¸,1
BT,BTN,Bhutan,Bhutanese,64,Thimphu,38394,817054,BTN,Bhutanese Ngultrum,Nu.,bt,ğŸ‡§ğŸ‡¹,975
BV,BVT,Bouvet Island,,74,-,49,0,NOK,Norwegian Kroner,kr,bv,ğŸ‡§ğŸ‡»,47
BW,BWA,Botswana,Motswana,72,Gaborone,581730,2333201,BWP,Botswana Pula,P,bw,ğŸ‡§ğŸ‡¼,267
BY,BLR,Belarus,Belarusians,112,Minsk,207600,9452113,BYR,Belarusian Ruble,Br,by,ğŸ‡§ğŸ‡¾,375
BZ,BLZ,Belize,Belizeans,84,Belmopan,22966,382444,BZD,Belize Dollar,$,bz,ğŸ‡§ğŸ‡¿,501
CA,CAN,Canada,Canadians,124,Ottawa,9984670,36953765,CAD,Canadian Dollar,$,ca,ğŸ‡¨ğŸ‡¦,1
CC,CCK,Cocos (Keeling) Islands,Cocos Islanders,166,West Island,14,628,AUD,Australian Dollar,$,cc,ğŸ‡¨ğŸ‡¨,61
CD,COD,Congo (Democratic Republic of the),Congolese,180,Kinshasa,2344858,84004989,CDF,Congolese Franc,FCFA,cd,ğŸ‡¨ğŸ‡©,243
CF,CAF,Central African Republic,Central Africans,140,Bangui,622984,4737423,XAF,Cfa Franc Beac,FCFA,cf,ğŸ‡¨ğŸ‡«,236
CG,COG,Congo,Congolese,178,Brazzaville,342000,5399895,XAF,Cfa Franc Beac,FCFA,cg,ğŸ‡¨ğŸ‡¬,242
CH,CHE,Switzerland,Swiss,756,Bern,41277,8544034,CHF,Swiss Franc,Fr.,ch,ğŸ‡¨ğŸ‡­,41
CI,CIV,Cote d'Ivoire,Ivorians,384,Yamoussoukro,322463,24905843,XOF,Cfa Franc Bceao,CFA,ci,ğŸ‡¨ğŸ‡®,225
CK,COK,Cook Islands,Cook Islanders,184,Avarua,236,17411,NZD,New Zealand Dollar,$,ck,ğŸ‡¨ğŸ‡°,682
CL,CHL,Chile,Chileans,152,Santiago,756102,18197209,CLP,Chilean Peso,$,cl,ğŸ‡¨ğŸ‡±,56
CM,CMR,Cameroon,Cameroonians,120,Yaounde,475440,24678234,XAF,Cfa Franc Beac,FCFA,cm,ğŸ‡¨ğŸ‡²,237
CN,CHN,China,Chinese,156,Beijing,9596961,1415045928,CNY,Chinese Yuan Renminbi,Â¥,cn,ğŸ‡¨ğŸ‡³,86
CO,COL,Colombia,Colombians,170,Bogota,1138910,49464683,COP,Colombian Peso,$,co,ğŸ‡¨ğŸ‡´,57
CR,CRI,Costa Rica,Costa Ricans,188,San Jose,51100,4953199,CRC,Costa Rican Colon,â‚¡,cr,ğŸ‡¨ğŸ‡·,506
CU,CUB,Cuba,Cubans,192,Havana,110860,11489082,CUC,Cuban Convertible Peso,$,cu,ğŸ‡¨ğŸ‡º,53
CV,CPV,Cabo Verde,Cabo Verdeans,132,Praia,4033,553335,CVE,Cape Verde Escudo,$,cv,ğŸ‡¨ğŸ‡»,238
CW,CUW,CuraÃ§ao,Curacaoans,531,Willemstad,444,161577,ANG,Nl Antillian Guilder,Æ’,cw,ğŸ‡¨ğŸ‡¼,599
CX,CXR,Christmas Island,Christmas Islanders,162,Flying Fish Cove,135,2205,AUD,Australian Dollar,$,cx,ğŸ‡¨ğŸ‡½,61
CY,CYP,Cyprus,Cypriots,196,Nicosia,9251,1189085,EUR,Euro,â‚¬,cy,ğŸ‡¨ğŸ‡¾,357
CZ,CZE,Czechia,Czechs,203,Prague,78867,10625250,CZK,Czech Koruna,KÄ,cz,ğŸ‡¨ğŸ‡¿,420
DE,DEU,Germany,Germans,276,Berlin,357022,82293457,EUR,Euro,â‚¬,de,ğŸ‡©ğŸ‡ª,49
DJ,DJI,Djibouti,Djiboutians,262,Djibouti,23200,971408,DJF,Djiboutian Franc,Fdj,dj,ğŸ‡©ğŸ‡¯,253
DK,DNK,Denmark,Danes,208,Copenhagen,43094,5754356,DKK,Danish Krone,kr.,dk,ğŸ‡©ğŸ‡°,45
DM,DMA,Dominica,Dominicans,212,Roseau,751,74308,XCD,East Caribbean Dollar,$,dm,ğŸ‡©ğŸ‡²,1
DO,DOM,Dominican Republic,Dominicans,214,Santo Domingo,48670,10882996,DOP,Dominican Peso,$,do,ğŸ‡©ğŸ‡´,1
DZ,DZA,Algeria,Algerians,12,Algiers,2381741,42008054,DZD,Algerian Dinar,DA,dz,ğŸ‡©ğŸ‡¿,213
EC,ECU,Ecuador,Ecuadorians,218,Quito,283561,16863425,USD,United States Dollar,$,ec,ğŸ‡ªğŸ‡¨,593
EE,EST,Estonia,Estonians,233,Tallinn,45228,1306788,EUR,Euro,â‚¬,ee,ğŸ‡ªğŸ‡ª,372
EG,EGY,Egypt,Egyptians,818,Cairo,1001450,99375741,EGP,Egyptian Pound,EÂ£,eg,ğŸ‡ªğŸ‡¬,20
EH,ESH,Western Sahara,Sahrawis,732,Laayoune / El Aaiun,266000,567421,MAD,Moroccan Dirham,DH,eh,ğŸ‡ªğŸ‡­,212
ER,ERI,Eritrea,Eritreans,232,Asmara,117600,5187948,ERN,Eritrean Nakfa,Nkf,er,ğŸ‡ªğŸ‡·,291
ES,ESP,Spain,Spaniards,724,Madrid,505370,46397452,EUR,Euro,â‚¬,es,ğŸ‡ªğŸ‡¸,34
ET,ETH,Ethiopia,Ethiopians,231,Addis Ababa,1104300,107534882,ETB,Ethiopian Birr,Br,et,ğŸ‡ªğŸ‡¹,251
FI,FIN,Finland,Finns,246,Helsinki,338145,5542517,EUR,Euro,â‚¬,fi,ğŸ‡«ğŸ‡®,358
FJ,FJI,Fiji,Fijians,242,Suva,18274,912241,FJD,Fijian Dollar,$,fj,ğŸ‡«ğŸ‡¯,679
FK,FLK,Falkland Islands (Malvinas),Falkland Islanders,238,Stanley,12173,2922,FKP,Falkland Islands Pound,Â£,fk,ğŸ‡«ğŸ‡°,500
FM,FSM,Micronesia (Federated States of),Micronesians,583,Palikir,702,106227,USD,United States Dollar,$,fm,ğŸ‡«ğŸ‡²,691
FO,FRO,Faroe Islands,Faroese,234,Torshavn,1393,49489,DKK,Danish Krone,kr,fo,ğŸ‡«ğŸ‡´,298
FR,FRA,France,French,250,Paris,643801,65233271,EUR,Euro,â‚¬,fr,ğŸ‡«ğŸ‡·,33
GA,GAB,Gabon,Gabonese,266,Libreville,267667,2067561,XAF,Cfa Franc Beac,FCFA,ga,ğŸ‡¬ğŸ‡¦,241
GB,GBR,United Kingdom of Great Britain and Northern Ireland,British,826,London,243610,66573504,GBP,British Pound,Â£,gb,ğŸ‡¬ğŸ‡§,44
GD,GRD,Grenada,Grenadians,308,Saint George's,344,108339,XCD,East Caribbean Dollar,$,gd,ğŸ‡¬ğŸ‡©,1
GE,GEO,Georgia,Georgians,268,Tbilisi,69700,3907131,GEL,Georgian Lari,â‚¾,ge,ğŸ‡¬ğŸ‡ª,995
GF,GUF,French Guiana,French Guianese,254,Cayenne,86504,289763,EUR,Euro,â‚¬,gf,ğŸ‡¬ğŸ‡«,594
GG,GGY,Guernsey,Channel Islanders,831,Saint Peter Port,78,66502,GBP,Pound Sterling,Â£,gg,ğŸ‡¬ğŸ‡¬,44
GH,GHA,Ghana,Ghanaians,288,Accra,238533,29463643,GHS,Ghanaian New Cedi,GHâ‚µ,gh,ğŸ‡¬ğŸ‡­,233
GI,GIB,Gibraltar,Gibraltarians,292,Gibraltar,6,34733,GIP,Gibraltar Pound,Â£,gi,ğŸ‡¬ğŸ‡®,350
GL,GRL,Greenland,Greenlanders,304,Nuuk,2166086,56565,DKK,Danish Krone,kr.,gl,ğŸ‡¬ğŸ‡±,299
GM,GMB,Gambia,Gambians,270,Banjul,11295,2163765,GMD,Gambian Dalasi,D,gm,ğŸ‡¬ğŸ‡²,220
GN,GIN,Guinea,Guineans,324,Conakry,245857,13052608,GNF,Guinean Franc,FG,gn,ğŸ‡¬ğŸ‡³,224
GP,GLP,Guadeloupe,Guadeloupians,312,Basse-terre,1630,449173,EUR,Euro,â‚¬,gp,ğŸ‡¬ğŸ‡µ,590
GQ,GNQ,Equatorial Guinea,Equatorial Guineans,226,Malabo,28051,1313894,XAF,Cfa Franc Beac,FCFA,gq,ğŸ‡¬ğŸ‡¶,240
GR,GRC,Greece,Greeks,300,Athens,131957,11142161,EUR,Euro,â‚¬,gr,ğŸ‡¬ğŸ‡·,30
GS,SGS,South Georgia and the South Sandwich Islands,South Georgian or South Sandwich Islander,239,Grytviken,3903,100,GBP,Pound Sterling,Â£,gs,ğŸ‡¬ğŸ‡¸,500
GT,GTM,Guatemala,Guatemalans,320,Guatemala City,108889,17245346,GTQ,Guatemalan Quetzal,Q,gt,ğŸ‡¬ğŸ‡¹,502
GU,GUM,Guam,Guamanians,316,Hagatna,544,165718,USD,United States Dollar,$,gu,ğŸ‡¬ğŸ‡º,1
GW,GNB,Guinea-Bissau,Bissau-Guineans,624,Bissau,36125,1907268,XOF,Cfa Franc Bceao,CFA,gw,ğŸ‡¬ğŸ‡¼,245
GY,GUY,Guyana,Guyanese,328,Georgetown,214969,782225,GYD,Guyanese Dollar,$,gy,ğŸ‡¬ğŸ‡¾,592
HK,HKG,Hong Kong,Hong Kongese,344,-,1104,7428887,HKD,Hong Kong Dollar,$,hk,ğŸ‡­ğŸ‡°,852
HM,HMD,Heard Island and McDonald Islands,,334,-,412,0,AUD,Australian Dollar,$,hm,ğŸ‡­ğŸ‡²,672
HN,HND,Honduras,Hondurans,340,Tegucigalpa,112090,9417167,HNL,Honduran Lempira,L,hn,ğŸ‡­ğŸ‡³,504
HR,HRV,Croatia,Croatians,191,Zagreb,56594,4164783,HRK,Croatian Kuna,kn,hr,ğŸ‡­ğŸ‡·,385
HT,HTI,Haiti,Haitians,332,Port-au-prince,27750,11112945,HTG,Haitian Gourde,G,ht,ğŸ‡­ğŸ‡¹,509
HU,HUN,Hungary,Hungarians,348,Budapest,93028,9688847,HUF,Hungarian Forint,Ft,hu,ğŸ‡­ğŸ‡º,36
ID,IDN,Indonesia,Indonesians,360,Jakarta,1904569,266794980,IDR,Indonesian Rupiah,Rp,id,ğŸ‡®ğŸ‡©,62
IE,IRL,Ireland,Irish,372,Dublin,70273,4803748,EUR,Euro,â‚¬,ie,ğŸ‡®ğŸ‡ª,353
IL,ISR,Israel,Israelis,376,Jerusalem,20770,8452841,ILS,Israeli New Shekel,â‚ª,il,ğŸ‡®ğŸ‡±,972
IM,IMN,Isle of Man,Manx,833,Douglas,572,84831,GBP,British Pound,Â£,im,ğŸ‡®ğŸ‡²,44
IN,IND,India,Indians,356,New Delhi,3287263,1354051854,INR,Indian Rupee,â‚¹,in,ğŸ‡®ğŸ‡³,91
IO,IOT,British Indian Ocean Territory,British,86,Diego Garcia,54400,3000,GBP,British Pound,Â£,io,ğŸ‡®ğŸ‡´,246
IQ,IRQ,Iraq,Iraqis,368,Baghdad,438317,39339753,IQD,Iraqi Dinar,Ø¯.Ø¹,iq,ğŸ‡®ğŸ‡¶,964
IR,IRN,Iran (Islamic Republic of),Iranians,364,Tehran,1648195,82011735,IRR,Iranian Rial,ï·¼,ir,ğŸ‡®ğŸ‡·,98
IS,ISL,Iceland,Icelanders,352,Reykjavik,103000,337780,ISK,Iceland Krona,kr,is,ğŸ‡®ğŸ‡¸,354
IT,ITA,Italy,Italians,380,Roma,301340,59290969,EUR,Euro,â‚¬,it,ğŸ‡®ğŸ‡¹,39
JE,JEY,Jersey,Channel Islanders,832,Saint Helier,116,166083,GBP,British Pound,Â£,je,ğŸ‡¯ğŸ‡ª,44
JM,JAM,Jamaica,Jamaicans,388,Kingston,10991,2898677,JMD,Jamaican Dollar,$,jm,ğŸ‡¯ğŸ‡²,1
JO,JOR,Jordan,Jordanians,400,Amman,89342,9903802,JOD,Jordanian Dinar,Ø¯.Ø£,jo,ğŸ‡¯ğŸ‡´,962
JP,JPN,Japan,Japanese,392,Tokyo,377915,127185332,JPY,Japanese Yen,Â¥,jp,ğŸ‡¯ğŸ‡µ,81
KE,KEN,Kenya,Kenyans,404,Nairobi,580367,50950879,KES,Kenyan Shilling,KSh,ke,ğŸ‡°ğŸ‡ª,254
KG,KGZ,Kyrgyzstan,Kyrgyzstanis,417,Bishkek,199951,6132932,KGS,Kyrgyzstani Som,Ğ›Ğ²,kg,ğŸ‡°ğŸ‡¬,996
KH,KHM,Cambodia,Cambodians,116,Phnom Penh,181035,16245729,KHR,Cambodian Riel,áŸ›,kh,ğŸ‡°ğŸ‡­,855
KI,KIR,Kiribati,I-Kiribati,296,Tarawa,811,118414,AUD,Australian Dollar,$,ki,ğŸ‡°ğŸ‡®,686
KM,COM,Comoros,Comorans,174,Moroni,2235,832347,KMF,Comoro Franc,CF,km,ğŸ‡°ğŸ‡²,269
KN,KNA,Saint Kitts and Nevis,Kittitians or Nevisians,659,Basseterre,261,55850,XCD,East Caribbean Dollar,$,kn,ğŸ‡°ğŸ‡³,1
KP,PRK,Korea (Democratic People's Republic of),Koreans,408,Pyongyang,120538,25610672,KPW,North Korean Won,â‚©,kp,ğŸ‡°ğŸ‡µ,850
KR,KOR,Korea (Republic of),Koreans,410,Seoul,99720,51164435,KRW,South-korean Won,â‚©,kr,ğŸ‡°ğŸ‡·,82
KW,KWT,Kuwait,Kuwaitis,414,Kuwait,17818,4197128,KWD,Kuwaiti Dinar,KD,kw,ğŸ‡°ğŸ‡¼,965
KY,CYM,Cayman Islands,Caymanians,136,George Town,264,62348,KYD,Cayman Islands Dollar,$,ky,ğŸ‡°ğŸ‡¾,1
KZ,KAZ,Kazakhstan,Kazakhstanis,398,Astana,2724900,18403860,KZT,Kazakhstani Tenge,â‚¸,kz,ğŸ‡°ğŸ‡¿,7
LA,LAO,Lao People's Democratic Republic,Laos,418,Vientiane,236800,6961210,LAK,Lao Kip,â‚­,la,ğŸ‡±ğŸ‡¦,856
LB,LBN,Lebanon,Lebanese,422,Beirut,10400,6093509,LBP,Lebanese Pound,LL,lb,ğŸ‡±ğŸ‡§,961
LC,LCA,Saint Lucia,Saint Lucians,662,Castries,616,179667,XCD,East Caribbean Dollar,$,lc,ğŸ‡±ğŸ‡¨,1
LI,LIE,Liechtenstein,Liechtensteiners,438,Vaduz,160,38155,CHF,Swiss Franc,Fr.,li,ğŸ‡±ğŸ‡®,423
LK,LKA,Sri Lanka,Sri Lankans,144,Sri Jayewardenepura Kotte,65610,20950041,LKR,Sri Lanka Rupee,à¶»à·”,lk,ğŸ‡±ğŸ‡°,94
LR,LBR,Liberia,Liberians,430,Monrovia,111369,4853516,LRD,Liberian Dollar,$,lr,ğŸ‡±ğŸ‡·,231
LS,LSO,Lesotho,Basotho,426,Maseru,30355,2263010,LSL,Lesotho Loti,M,ls,ğŸ‡±ğŸ‡¸,266
LT,LTU,Lithuania,Lithuanians,440,Vilnius,65300,2876475,LTL,Lithuanian Litas,Lt,lt,ğŸ‡±ğŸ‡¹,370
LU,LUX,Luxembourg,Luxembourgers,442,Luxembourg,2586,590321,EUR,Euro,â‚¬,lu,ğŸ‡±ğŸ‡º,352
LV,LVA,Latvia,Latvians,428,Riga,64589,1929938,EUR,Euro,â‚¬,lv,ğŸ‡±ğŸ‡»,371
LY,LBY,Libya,Libyans,434,Tripoli,1759540,6470956,LYD,Libyan Dinar,LD,ly,ğŸ‡±ğŸ‡¾,218
MA,MAR,Morocco,Moroccans,504,Rabat,446550,36191805,MAD,Moroccan Dirham,DH,ma,ğŸ‡²ğŸ‡¦,212
MC,MCO,Monaco,Monacans,492,Monaco,2,38897,EUR,Euro,â‚¬,mc,ğŸ‡²ğŸ‡¨,377
MD,MDA,Moldova (Republic of),Moldovans,498,Chisinau,33851,4041065,MDL,Moldovan Leu,L,md,ğŸ‡²ğŸ‡©,373
ME,MNE,Montenegro,Montenegrins,499,Podgorica,13812,629219,EUR,Euro,â‚¬,me,ğŸ‡²ğŸ‡ª,382
MF,MAF,Saint Martin (French Part),Saint-Martinois,663,Marigot,54,33100,EUR,Euro,â‚¬,gp,ğŸ‡²ğŸ‡«,590
MG,MDG,Madagascar,Malagasy,450,Antananarivo,587041,26262810,MGA,Malagasy Ariary,Ar,mg,ğŸ‡²ğŸ‡¬,261
MH,MHL,Marshall Islands,Marshallese,584,Majuro,181,53167,USD,United States Dollar,$,mh,ğŸ‡²ğŸ‡­,692
MK,MKD,North Macedonia,Macedonians,807,Skopje,25713,2085051,MKD,Macedonian Denar,den,mk,ğŸ‡²ğŸ‡°,389
ML,MLI,Mali,Malians,466,Bamako,1240192,19107706,XOF,Cfa Franc Bceao,CFA,ml,ğŸ‡²ğŸ‡±,223
MM,MMR,Myanmar,Burmese,104,Pyinmana,676578,53855735,MMK,Myanmar Kyat,K,mm,ğŸ‡²ğŸ‡²,95
MN,MNG,Mongolia,Mongolians,496,Ulaanbaatar,1564116,3121772,MNT,Mongolian Tugrik,â‚®,mn,ğŸ‡²ğŸ‡³,976
MO,MAC,Macao,Macanese,446,-,31.3,632418,HKD,Hong Kong Dollar,$,mo,ğŸ‡²ğŸ‡´,853
MP,MNP,Northern Mariana Islands,Northern Marianans,580,Saipan,464,55194,USD,United States Dollar,$,mp,ğŸ‡²ğŸ‡µ,1
MQ,MTQ,Martinique,Martiniquais,474,Fort-de-france,1128,385065,EUR,Euro,â‚¬,mq,ğŸ‡²ğŸ‡¶,596
MR,MRT,Mauritania,Mauritanians,478,Nouakchott,1030700,4540068,MRO,Mauritanian Ouguiya,UM,mr,ğŸ‡²ğŸ‡·,222
MS,MSR,Montserrat,Montserratians,500,Plymouth,102,5203,XCD,East Caribbean Dollar,$,ms,ğŸ‡²ğŸ‡¸,1
MT,MLT,Malta,Maltese,470,Valletta,316,432089,EUR,Euro,â‚¬,mt,ğŸ‡²ğŸ‡¹,356
MU,MUS,Mauritius,Mauritians,480,Port Louis,2040,1268315,MUR,Mauritian Rupee,â‚¨,mu,ğŸ‡²ğŸ‡º,230
MV,MDV,Maldives,Maldivians,462,Male,298,444259,MVR,Maldivian Rufiyaa,Rf,mv,ğŸ‡²ğŸ‡»,960
MW,MWI,Malawi,Malawians,454,Lilongwe,118484,19164728,MWK,Malawian Kwacha,K,mw,ğŸ‡²ğŸ‡¼,265
MX,MEX,Mexico,Mexicans,484,Mexico City,1964375,130759074,MXN,Mexican Peso,$,mx,ğŸ‡²ğŸ‡½,52
MY,MYS,Malaysia,Malaysians,458,Kuala Lumpur,329847,32042458,MYR,Malaysian Ringgit,RM,my,ğŸ‡²ğŸ‡¾,60
MZ,MOZ,Mozambique,Mozambicans,508,Maputo,799380,30528673,MZN,Mozambican Metical,MT,mz,ğŸ‡²ğŸ‡¿,258
NA,NAM,Namibia,Namibians,516,Windhoek,824292,2587801,NAD,Namibian Dollar,$,na,ğŸ‡³ğŸ‡¦,264
NC,NCL,New Caledonia,New Caledonians,540,Noumea,18575,279821,XPF,Cfp Franc,â‚£,nc,ğŸ‡³ğŸ‡¨,687
NE,NER,Niger,Nigeriens,562,Niamey,1186408,22311375,NZD,New Zealand Dollar,$,ne,ğŸ‡³ğŸ‡ª,227
NF,NFK,Norfolk Island,Norfolk Islanders,574,Kingston,36,2210,AUD,Australian Dollar,$,nf,ğŸ‡³ğŸ‡«,672
NG,NGA,Nigeria,Nigerians,566,Abuja,923768,195875237,NGN,Nigerian Naira,â‚¦,ng,ğŸ‡³ğŸ‡¬,234
NI,NIC,Nicaragua,Nicaraguans,558,Managua,130370,6284757,NIO,Nicaraguan CÃ“rdoba,C$,ni,ğŸ‡³ğŸ‡®,505
NL,NLD,Netherlands,Netherlanders,528,Amsterdam,41543,17110161,EUR,Euro,â‚¬,nl,ğŸ‡³ğŸ‡±,31
NO,NOR,Norway,Norwegians,578,Oslo,323802,5353363,NOK,Norwegian Kroner,kr,no,ğŸ‡³ğŸ‡´,47
NP,NPL,Nepal,Nepalese,524,Kathmandu,147181,29624035,NPR,Nepalese Rupee,à¤°à¥‚,np,ğŸ‡³ğŸ‡µ,977
NR,NRU,Nauru,Nauruans,520,Yaren,21,11312,AUD,Australian Dollar,$,nr,ğŸ‡³ğŸ‡·,674
NU,NIU,Niue,Niueans,570,Alofi,260,1624,NZD,New Zealand Dollar,$,nu,ğŸ‡³ğŸ‡º,683
NZ,NZL,New Zealand,New Zealanders,554,Wellington,267710,4749598,NZD,New Zealand Dollar,$,nz,ğŸ‡³ğŸ‡¿,64
OM,OMN,Oman,Omanis,512,Muscat,309500,4829946,OMR,Omani Rial,Ø±.Ø¹.,om,ğŸ‡´ğŸ‡²,968
PA,PAN,Panama,Panamanians,591,Panama,75420,4162618,PAB,Panamanian Balboa,B/.,pa,ğŸ‡µğŸ‡¦,507
PE,PER,Peru,Peruvians,604,Lima,1285216,32551815,PEN,Peruvian Nuevo Sol,S/,pe,ğŸ‡µğŸ‡ª,51
PF,PYF,French Polynesia,French Polynesians,258,Papeete,4167,285859,XPF,Cfp Franc,â‚£,pf,ğŸ‡µğŸ‡«,689
PG,PNG,Papua New Guinea,Papua New Guineans,598,Port Moresby,462840,8418346,PGK,Papua New Guinean Kina,K,pg,ğŸ‡µğŸ‡¬,675
PH,PHL,Philippines,Filipinos,608,Manila,300000,106512074,PHP,Philippine Peso,â‚±,ph,ğŸ‡µğŸ‡­,63
PK,PAK,Pakistan,Pakistanis,586,Islamabad,796095,200813818,PKR,Pakistan Rupee,â‚¨,pk,ğŸ‡µğŸ‡°,92
PL,POL,Poland,Poles,616,Warsaw,312685,38104832,PLN,Polish Zloty,zÅ‚,pl,ğŸ‡µğŸ‡±,48
PM,SPM,Saint Pierre and Miquelon,Saint-Pierrais or Miquelonnais,666,Saint-pierre,242,6342,EUR,Euro,â‚¬,pm,ğŸ‡µğŸ‡²,508
PN,PCN,Pitcairn,Pitcairn Islanders,612,Adamstown,47,54,NZD,New Zealand Dollar,$,pn,ğŸ‡µğŸ‡³,870
PR,PRI,Puerto Rico,Puerto Ricans,630,San Juan,13790,3659007,USD,United States Dollar,$,pr,ğŸ‡µğŸ‡·,1
PS,PSE,"Palestinian, State of",Palestinians,275,-,5860,5052776,ILS,Israeli New Shekel,â‚ª,ps,ğŸ‡µğŸ‡¸,970
PT,PRT,Portugal,Portuguese,620,Lisbon,92090,10291196,EUR,Euro,â‚¬,pt,ğŸ‡µğŸ‡¹,351
PW,PLW,Palau,Palauans,585,Melekeok - Palau State Capital,459,21964,USD,United States Dollar,$,pw,ğŸ‡µğŸ‡¼,680
PY,PRY,Paraguay,Paraguayans,600,Asuncion,406752,6896908,PYG,Paraguayan GuaranÃ,â‚²,py,ğŸ‡µğŸ‡¾,595
QA,QAT,Qatar,Qataris,634,Doha,11586,2694849,QAR,Qatari Riyal,QR,qa,ğŸ‡¶ğŸ‡¦,974
RE,REU,RÃ©union,RÃ©unionese,638,Saint-denis,2512,883247,EUR,Euro,â‚¬,re,ğŸ‡·ğŸ‡ª,262
RO,ROU,Romania,Romanians,642,Bucharest,238391,19580634,RON,Romanian New Lei,RON,ro,ğŸ‡·ğŸ‡´,40
RS,SRB,Serbia,Serbians,688,Belgrade,77474,8762027,RSD,Serbian Dinar,din,rs,ğŸ‡·ğŸ‡¸,381
RU,RUS,Russian Federation,Russians,643,Moscow,17098242,143964709,RUB,Russian Rouble,â‚½,ru,ğŸ‡·ğŸ‡º,7
RW,RWA,Rwanda,Rwandans,646,Kigali,26338,12501156,RWF,Rwandan Franc,FRw,rw,ğŸ‡·ğŸ‡¼,250
SA,SAU,Saudi Arabia,Saudis,682,Riyadh,2149690,33554343,SAR,Saudi Riyal,SR,sa,ğŸ‡¸ğŸ‡¦,966
SB,SLB,Solomon Islands,Solomon Islanders,90,Honiara,28896,623281,SBD,Solomon Islands Dollar,$,sb,ğŸ‡¸ğŸ‡§,677
SC,SYC,Seychelles,Seychellois,690,Victoria,455,95235,SCR,Seychelles Rupee,SR,sc,ğŸ‡¸ğŸ‡¨,248
SD,SDN,Sudan,Sudanese,729,Khartoum,1861484,41511526,SDG,Sudanese Pound,SD,sd,ğŸ‡¸ğŸ‡©,249
SE,SWE,Sweden,Swedes,752,Stockholm,450295,9982709,SEK,Swedish Krona,kr,se,ğŸ‡¸ğŸ‡ª,46
SG,SGP,Singapore,Singaporeans,702,Singapore,697,5791901,SGD,Singapore Dollar,$,sg,ğŸ‡¸ğŸ‡¬,65
SH,SHN,"Saint Helena, Ascension and Tristan da Cunha",Saint Helenians,654,Jamestown,122,4074,SHP,Saint Helena Pound,Â£,sh,ğŸ‡¸ğŸ‡­,290
SI,SVN,Slovenia,Slovenes,705,Ljubljana,20273,2081260,EUR,Euro,â‚¬,si,ğŸ‡¸ğŸ‡®,386
SJ,SJM,Svalbard and Jan Mayen,Slovakians,744,Longyearbyen,62045,2667,NOK,Norwegian Krone,kr,sj,ğŸ‡¸ğŸ‡¯,47
SK,SVK,Slovakia,Sierra Leoneans,703,Bratislava,49035,5449816,EUR,Euro,â‚¬,sk,ğŸ‡¸ğŸ‡°,421
SL,SLE,Sierra Leone,Sammarinese,694,Freetown,71740,7719729,SLL,Sierra Leonean Leone,Le,sl,ğŸ‡¸ğŸ‡±,232
SM,SMR,San Marino,Sammarinese,674,San Marino,61,33557,EUR,Euro,â‚¬,sm,ğŸ‡¸ğŸ‡²,378
SN,SEN,Senegal,Somalis,686,Dakar,196722,16294270,XOF,Cfa Franc Bceao,CFA,sn,ğŸ‡¸ğŸ‡³,221
SO,SOM,Somalia,Somalilanders,706,Mogadishu,637657,15181925,SOS,Somali Shilling,Sh.So.,so,ğŸ‡¸ğŸ‡´,252
SR,SUR,Suriname,Surinamers,740,Paramaribo,163820,568301,SRD,Surinamese Dollar,$,sr,ğŸ‡¸ğŸ‡·,597
SS,SSD,South Sudan,South Sudanese,728,Juba,644329,12919053,SSP,South Sudanese Pound,SD,ss,ğŸ‡¸ğŸ‡¸,211
ST,STP,Sao Tome and Principe,Sao Tomeans,678,Sao Tome,964,208818,STD,Droba,Db,st,ğŸ‡¸ğŸ‡¹,239
SV,SLV,El Salvador,Salvadorans,222,San Salvador,21041,6411558,NOK,Norwegian Kroner,kr,sv,ğŸ‡¸ğŸ‡»,503
SX,SXM,Sint Maarten (Dutch Part),Sint Maartener,534,Philipsburg,34,40552,ANG,Nl Antillian Guilder,Æ’,sx,ğŸ‡¸ğŸ‡½,1
SY,SYR,Syrian Arab Republic,Syrians,760,Damascus,185180,18284407,SYP,Syrian Pound,LS,sy,ğŸ‡¸ğŸ‡¾,963
SZ,SWZ,Eswatini,Swazis,748,Mbabane,17364,1391385,SZL,Swazi Lilangeni,L,sz,ğŸ‡¸ğŸ‡¿,268
TC,TCA,Turks and Caicos Islands,Turks and Caicos Islanders,796,Cockburn Town,948,35963,USD,United States Dollar,$,tc,ğŸ‡¹ğŸ‡¨,1
TD,TCD,Chad,Chadians,148,N'djamena,1284000,15353184,XAF,Cfa Franc Beac,FCFA,td,ğŸ‡¹ğŸ‡©,235
TF,ATF,French Southern Territories,French,260,Port-aux-francais,439781,140,EUR,Euro,â‚¬,tf,ğŸ‡¹ğŸ‡«,262
TG,TGO,Togo,Togolese,768,Lome,56785,7990926,XOF,Cfa Franc Bceao,CFA,tg,ğŸ‡¹ğŸ‡¬,228
TH,THA,Thailand,Thai,764,Bangkok,513120,69183173,THB,Thai Baht,à¸¿,th,ğŸ‡¹ğŸ‡­,66
TJ,TJK,Tajikistan,Tajikistanis,762,Dushanbe,143100,9107211,TJS,Tajikistani Somoni,Ğ…M,tj,ğŸ‡¹ğŸ‡¯,992
TK,TKL,Tokelau,Tokelauans,772,-,12,1319,NZD,New Zealand Dollar,$,tk,ğŸ‡¹ğŸ‡°,690
TL,TLS,Timor-Leste,Timorese,626,Dili,14874,1324094,NZD,New Zealand Dollar,$,tl,ğŸ‡¹ğŸ‡±,670
TM,TKM,Turkmenistan,Turkmens,795,Ashgabat,488100,5851466,TMT,Turkmenistani Manat,T,tm,ğŸ‡¹ğŸ‡²,993
TN,TUN,Tunisia,Tunisians,788,Tunis,163610,11659174,TND,Tunisian Dinar,DT,tn,ğŸ‡¹ğŸ‡³,216
TO,TON,Tonga,Tongans,776,Nuku'alofa,747,109008,TOP,Tongan Pa'anga,T$,to,ğŸ‡¹ğŸ‡´,676
TR,TUR,Turkey,Turks,792,Ankara,783562,81916871,TRY,Turkish Lira,â‚º,tr,ğŸ‡¹ğŸ‡·,90
TT,TTO,Trinidad and Tobago,Trinidadians or Tobagonians,780,Port of Spain,5128,1372598,TTD,Trinidad/tobago Dollar,$,tt,ğŸ‡¹ğŸ‡¹,1
TV,TUV,Tuvalu,Tuvaluans,798,Funafuti,26,11287,AUD,Australian Dollar,$,tv,ğŸ‡¹ğŸ‡»,688
TW,TWN,Taiwan (Province of China),Taiwanese,158,Taipei,35980,23694089,TWD,Taiwan Dollar,NT$,tw,ğŸ‡¹ğŸ‡¼,886
TZ,TZA,"Tanzania, United Republic of",Tanzanians,834,Dodoma,947300,59091392,TZS,Tanzanian Shilling,TSh,tz,ğŸ‡¹ğŸ‡¿,255
UA,UKR,Ukraine,Ukrainians,804,Kiev,603550,44009214,UAH,Ukrainian Hryvnia,â‚´,ua,ğŸ‡ºğŸ‡¦,380
UG,UGA,Uganda,Ugandans,800,Kampala,241038,44270563,UGX,Ugandan Shilling,USh,ug,ğŸ‡ºğŸ‡¬,256
UM,UMI,United States Minor Outlying Islands,â€American Islander,581,-,34.2,300,USD,United States Dollar,$,um,ğŸ‡ºğŸ‡²,1
US,USA,United States of America,Americans,840,"Washington, D.C.",9826675,326766748,USD,United States Dollar,$,us,ğŸ‡ºğŸ‡¸,1
UY,URY,Uruguay,Uruguayans,858,Montevideo,176215,3469551,UYI,Uruguay Peso En Unidades Indexadas,$,uy,ğŸ‡ºğŸ‡¾,598
UZ,UZB,Uzbekistan,Uzbekistanis,860,Tashkent,447400,32364996,UZS,Uzbekistan Som,som,uz,ğŸ‡ºğŸ‡¿,998
VA,VAT,Holy See,Vatican citizens,336,Vatican City,0.44,801,EUR,Euro,â‚¬,va,ğŸ‡»ğŸ‡¦,379
VC,VCT,Saint Vincent and the Grenadines,Saint Vincentians,670,Kingstown,389,110200,XCD,East Caribbean Dollar,$,vc,ğŸ‡»ğŸ‡¨,1
VE,VEN,Venezuela (Bolivarian Republic of),Venezuelans,862,Caracas,912050,32381221,VEF,Venezuelan Bolivar Fuerte,Bs.S.,ve,ğŸ‡»ğŸ‡ª,58
VG,VGB,Virgin Islands (British),British Virgin Islanders,92,Road Town,151,31719,USD,United States Dollar,$,vg,ğŸ‡»ğŸ‡¬,1
VI,VIR,Virgin Islands (U.S.),U.S. Virgin Islanders,850,Charlotte Amalie,1910,104914,USD,United States Dollar,$,vi,ğŸ‡»ğŸ‡®,1
VN,VNM,Viet Nam,Vietnamese,704,Ha Noi,331210,96491146,VND,Vietnamese Dong,â‚«,vn,ğŸ‡»ğŸ‡³,84
VU,VUT,Vanuatu,Ni-Vanuatu,548,Port-vila,12189,282117,VUV,Vanuatu Vatu,VT,vu,ğŸ‡»ğŸ‡º,678
WF,WLF,Wallis and Futuna,Wallisians or Futunans,876,Mata'utu,142,11683,XPF,Cfp Franc,â‚£,wf,ğŸ‡¼ğŸ‡«,681
WS,WSM,Samoa,Samoans,882,Apia,2831,197695,WST,Samoan Tala,WS$,ws,ğŸ‡¼ğŸ‡¸,685
YE,YEM,Yemen,Yemenis,887,Sanaa,527968,28915284,YER,Yemeni Rial,ï·¼,ye,ğŸ‡¾ğŸ‡ª,967
YT,MYT,Mayotte,Mahorans,175,Mamoudzou,374,259682,EUR,Euro,â‚¬,yt,ğŸ‡¾ğŸ‡¹,262
ZA,ZAF,South Africa,South Africans,710,Cape Town,1219090,57398421,ZAR,South African Rand,R,za,ğŸ‡¿ğŸ‡¦,27
ZM,ZMB,Zambia,Zambians,894,Lusaka,752618,17609178,ZMW,Zambian Kwacha,K,zm,ğŸ‡¿ğŸ‡²,260
ZW,ZWE,Zimbabwe,Zimbabweans,716,Harare,390757,16913261,ZWD,Zimbabwe Dollar,$,zw,ğŸ‡¿ğŸ‡¼,263
