"country_code","country_name"                                        ,"country_alpha3_code","country_numeric_code","capital"                       ,"country_demonym"                          ,"total_area","population","idd_code","currency_code","currency_name"                          ,"currency_symbol","lang_code","lang_name"                 ,"cctld"
"AD"          ,"Andorra"                                             ,"AND"                ,"20"                  ,"Andorra la Vella"              ,"Andorrans"                                ,"468"       ,"77265"     ,"376"     ,"EUR"          ,"Euro"                                   ,"€"              ,"CA"       ,"Catalana"                  ,"ad"
"AE"          ,"United Arab Emirates"                                ,"ARE"                ,"784"                 ,"Abu Dhabi"                     ,"Emirians"                                 ,"83600"     ,"9890402"   ,"971"     ,"AED"          ,"United Arab Emirates Dirham"            ,"د.إ"            ,"AR"       ,"Arabic"                    ,"ae"
"AF"          ,"Afghanistan"                                         ,"AFG"                ,"4"                   ,"Kabul"                         ,"Afghans"                                  ,"652230"    ,"38928346"  ,"93"      ,"AFN"          ,"Afghan Afghani"                         ,"؋"              ,"FA"       ,"Persian"                   ,"af"
"AG"          ,"Antigua and Barbuda"                                 ,"ATG"                ,"28"                  ,"Saint John's"                  ,"Antiguans or Barbudans"                   ,"442"       ,"97929"     ,"1268"    ,"XCD"          ,"East Caribbean Dollar"                  ,"$"              ,"EN"       ,"English"                   ,"ag"
"AI"          ,"Anguilla"                                            ,"AIA"                ,"660"                 ,"The Valley"                    ,"Anguillans"                               ,"91"        ,"15003"     ,"1264"    ,"XCD"          ,"East Caribbean Dollar"                  ,"$"              ,"EN"       ,"English"                   ,"ai"
"AL"          ,"Albania"                                             ,"ALB"                ,"8"                   ,"Tirana"                        ,"Albanians"                                ,"28748"     ,"2877797"   ,"355"     ,"ALL"          ,"Albanian Lek"                           ,"L"              ,"SQ"       ,"Albanian"                  ,"al"
"AM"          ,"Armenia"                                             ,"ARM"                ,"51"                  ,"Yerevan"                       ,"Armenians"                                ,"29743"     ,"2963243"   ,"374"     ,"AMD"          ,"Armenian Dram"                          ,"֏"              ,"HY"       ,"Armenian"                  ,"am"
"AO"          ,"Angola"                                              ,"AGO"                ,"24"                  ,"Luanda"                        ,"Angolans"                                 ,"1246700"   ,"32866272"  ,"244"     ,"AOA"          ,"Angolan Kwanza"                         ,"Kz"             ,"PT"       ,"Portuguese"                ,"ao"
"AQ"          ,"Antarctica"                                          ,"ATA"                ,"10"                  ,"-"                             ,"Antarctic residents"                      ,"14000000"  ,"0"         ,"672"     ,""             ,""                                       ,""               ,"RU"       ,"Russian"                   ,"aq"
"AR"          ,"Argentina"                                           ,"ARG"                ,"32"                  ,"Buenos Aires"                  ,"Argentines"                               ,"2780400"   ,"45195774"  ,"54"      ,"ARS"          ,"Argentine Peso"                         ,"$"              ,"ES"       ,"Spanish"                   ,"ar"
"AS"          ,"American Samoa"                                      ,"ASM"                ,"16"                  ,"Pago Pago"                     ,"American Samoans"                         ,"199"       ,"55191"     ,"1684"    ,"USD"          ,"United States Dollar"                   ,"$"              ,"EN"       ,"Samoan"                    ,"as"
"AT"          ,"Austria"                                             ,"AUT"                ,"40"                  ,"Vienna"                        ,"Austrians"                                ,"83871"     ,"9006398"   ,"43"      ,"EUR"          ,"Euro"                                   ,"€"              ,"DE"       ,"German"                    ,"at"
"AU"          ,"Australia"                                           ,"AUS"                ,"36"                  ,"Canberra"                      ,"Australians"                              ,"7741220"   ,"25499884"  ,"61"      ,"AUD"          ,"Australian Dollar"                      ,"$"              ,"EN"       ,"English"                   ,"au"
"AW"          ,"Aruba"                                               ,"ABW"                ,"533"                 ,"Oranjestad"                    ,"Arubans"                                  ,"180"       ,"106766"    ,"297"     ,"AWG"          ,"Aruban Florin"                          ,"Afl"            ,"NL"       ,"Dutch"                     ,"aw"
"AX"          ,"Aland Islands"                                       ,"ALA"                ,"248"                 ,"Mariehamn"                     ,"Aland Islanders"                          ,"1552"      ,"30144"     ,"358"     ,"EUR"          ,"Euro"                                   ,"€"              ,"SV"       ,"Swedish"                   ,"ax"
"AZ"          ,"Azerbaijan"                                          ,"AZE"                ,"31"                  ,"Baku"                          ,"Azerbaijanis"                             ,"86600"     ,"10139177"  ,"994"     ,"AZN"          ,"Azerbaijani Manat"                      ,"₼"              ,"AZ"       ,"Azerbaijani"               ,"az"
"BA"          ,"Bosnia and Herzegovina"                              ,"BIH"                ,"70"                  ,"Sarajevo"                      ,"Bosnians or Herzegovinians"               ,"51197"     ,"3280819"   ,"387"     ,"BAM"          ,"Bosnia And Herzegovina Convertible Mark","KM"             ,"HR"       ,"Croatian"                  ,"ba"
"BB"          ,"Barbados"                                            ,"BRB"                ,"52"                  ,"Bridgetown"                    ,"Barbadians"                               ,"430"       ,"287375"    ,"1246"    ,"USD"          ,"United States Dollar"                   ,"$"              ,"EN"       ,"English"                   ,"bb"
"BD"          ,"Bangladesh"                                          ,"BGD"                ,"50"                  ,"Dhaka"                         ,"Bangladeshis"                             ,"143998"    ,"164689383" ,"880"     ,"BDT"          ,"Bangladeshi Taka"                       ,"৳"              ,"BN"       ,"Bangla"                    ,"bd"
"BE"          ,"Belgium"                                             ,"BEL"                ,"56"                  ,"Brussels"                      ,"Belgians"                                 ,"30528"     ,"11589623"  ,"32"      ,"EUR"          ,"Euro"                                   ,"€"              ,"NL"       ,"Dutch"                     ,"be"
"BF"          ,"Burkina Faso"                                        ,"BFA"                ,"854"                 ,"Ouagadougou"                   ,"Burkinabe"                                ,"274200"    ,"20903273"  ,"226"     ,"XOF"          ,"Cfa Franc Bceao"                        ,"CFA"            ,"FR"       ,"French"                    ,"bf"
"BG"          ,"Bulgaria"                                            ,"BGR"                ,"100"                 ,"Sofia"                         ,"Bulgarians"                               ,"110879"    ,"6948445"   ,"359"     ,"BGN"          ,"Bulgarian Lev"                          ,"лв"             ,"GB"       ,"Bulgarian"                 ,"bg"
"BH"          ,"Bahrain"                                             ,"BHR"                ,"48"                  ,"Manama"                        ,"Bahrainis"                                ,"760"       ,"1701575"   ,"973"     ,"BHD"          ,"Bahraini Dinar"                         ,"BD"             ,"AR"       ,"Arabic"                    ,"bh"
"BI"          ,"Burundi"                                             ,"BDI"                ,"108"                 ,"Bujumbura"                     ,"Burundians"                               ,"27830"     ,"11890784"  ,"257"     ,"BIF"          ,"Burundian Franc"                        ,"FBu"            ,"FR"       ,"French"                    ,"bi"
"BJ"          ,"Benin"                                               ,"BEN"                ,"204"                 ,"Porto-Novo"                    ,"Beninese"                                 ,"112622"    ,"12123200"  ,"229"     ,"XOF"          ,"Cfa Franc Bceao"                        ,"CFA"            ,"FR"       ,"French"                    ,"bj"
"BL"          ,"Saint Barthelemy"                                    ,"BLM"                ,"652"                 ,"Gustavia"                      ,"Barthelemois"                             ,"21"        ,"9877"      ,"590"     ,"EUR"          ,"Euro"                                   ,"€"              ,"FR"       ,"French"                    ,"gp"
"BM"          ,"Bermuda"                                             ,"BMU"                ,"60"                  ,"Hamilton"                      ,"Bermudians"                               ,"54"        ,"62278"     ,"1441"    ,"BMD"          ,"Bermudian Dollar"                       ,"$"              ,"EN"       ,"English"                   ,"bm"
"BN"          ,"Brunei Darussalam"                                   ,"BRN"                ,"96"                  ,"Bandar Seri Begawan"           ,"Bruneians"                                ,"5765"      ,"437479"    ,"673"     ,"SGD"          ,"Brunei Dollar"                          ,"$"              ,"MS"       ,"Malay"                     ,"bn"
"BO"          ,"Bolivia (Plurinational State of)"                    ,"BOL"                ,"68"                  ,"Sucre"                         ,"Bolivians"                                ,"1098581"   ,"11673021"  ,"591"     ,"BOB"          ,"Boliviano"                              ,"Bs"             ,"ES"       ,"Spanish"                   ,"bo"
"BQ"          ,"Bonaire, Sint Eustatius and Saba"                    ,"BES"                ,"535"                 ,"Kralendijk"                    ,"Bonaire Dutch"                            ,"328"       ,"26223"     ,"599"     ,"USD"          ,"United States Dollar"                   ,"$"              ,"NL"       ,"Dutch"                     ,"bq"
"BR"          ,"Brazil"                                              ,"BRA"                ,"76"                  ,"Brasileia"                     ,"Brazilians"                               ,"8514877"   ,"212559417" ,"55"      ,"BRL"          ,"Brazilian Real"                         ,"Cz$"            ,"PT"       ,"Portuguese"                ,"br"
"BS"          ,"Bahamas"                                             ,"BHS"                ,"44"                  ,"Nassau"                        ,"Bahamians"                                ,"13880"     ,"393244"    ,"1242"    ,"BSD"          ,"Bahamian Dollar"                        ,"$"              ,"EN"       ,"English"                   ,"bs"
"BT"          ,"Bhutan"                                              ,"BTN"                ,"64"                  ,"Thimphu"                       ,"Bhutanese"                                ,"38394"     ,"771608"    ,"975"     ,"BTN"          ,"Bhutanese Ngultrum"                     ,"Nu."            ,"EN"       ,"Dzongkha"                  ,"bt"
"BV"          ,"Bouvet Island"                                       ,"BVT"                ,"74"                  ,"-"                             ,""                                         ,"49"        ,"0"         ,"47"      ,"NOK"          ,"Norwegian Kroner"                       ,"kr"             ,"EN"       ,""                          ,"bv"
"BW"          ,"Botswana"                                            ,"BWA"                ,"72"                  ,"Gaborone"                      ,"Motswana"                                 ,"581730"    ,"2351627"   ,"267"     ,"BWP"          ,"Botswana Pula"                          ,"P"              ,"EN"       ,"English"                   ,"bw"
"BY"          ,"Belarus"                                             ,"BLR"                ,"112"                 ,"Minsk"                         ,"Belarusians"                              ,"207600"    ,"9449323"   ,"375"     ,"BYR"          ,"Belarusian Ruble"                       ,"Br"             ,"BE"       ,"Belarusian"                ,"by"
"BZ"          ,"Belize"                                              ,"BLZ"                ,"84"                  ,"Belmopan"                      ,"Belizeans"                                ,"22966"     ,"397628"    ,"501"     ,"BZD"          ,"Belize Dollar"                          ,"$"              ,"EN"       ,"English"                   ,"bz"
"CA"          ,"Canada"                                              ,"CAN"                ,"124"                 ,"Ottawa"                        ,"Canadians"                                ,"9984670"   ,"37742154"  ,"1"       ,"CAD"          ,"Canadian Dollar"                        ,"$"              ,"FR"       ,"French"                    ,"ca"
"CC"          ,"Cocos (Keeling) Islands"                             ,"CCK"                ,"166"                 ,"West Island"                   ,"Cocos Islanders"                          ,"14"        ,"555"       ,"61"      ,"AUD"          ,"Australian Dollar"                      ,"$"              ,"EN"       ,"English"                   ,"cc"
"CD"          ,"Congo (Democratic Republic of the)"                  ,"COD"                ,"180"                 ,"Kinshasa"                      ,"Congolese"                                ,"2344858"   ,"89561403"  ,"243"     ,"CDF"          ,"Congolese Franc"                        ,"FCFA"           ,"EN"       ,""                          ,"cd"
"CF"          ,"Central African Republic"                            ,"CAF"                ,"140"                 ,"Bangui"                        ,"Central Africans"                         ,"622984"    ,"4829767"   ,"236"     ,"XAF"          ,"Cfa Franc Beac"                         ,"FCFA"           ,"FR"       ,"French"                    ,"cf"
"CG"          ,"Congo"                                               ,"COG"                ,"178"                 ,"Brazzaville"                   ,"Congolese"                                ,"342000"    ,"5518087"   ,"242"     ,"XAF"          ,"Cfa Franc Beac"                         ,"FCFA"           ,"EN"       ,"Niger-congo"               ,"cg"
"CH"          ,"Switzerland"                                         ,"CHE"                ,"756"                 ,"Bern"                          ,"Swiss"                                    ,"41277"     ,"8654622"   ,"41"      ,"CHF"          ,"Swiss Franc"                            ,"Fr."            ,"DE"       ,"German"                    ,"ch"
"CI"          ,"Cote d'Ivoire"                                       ,"CIV"                ,"384"                 ,"Yamoussoukro"                  ,"Ivorians"                                 ,"322463"    ,"26378274"  ,"225"     ,"XOF"          ,"Cfa Franc Bceao"                        ,"CFA"            ,"EN"       ,"English"                   ,"ci"
"CK"          ,"Cook Islands"                                        ,"COK"                ,"184"                 ,"Avarua"                        ,"Cook Islanders"                           ,"236"       ,"17564"     ,"682"     ,"NZD"          ,"New Zealand Dollar"                     ,"$"              ,"EN"       ,"English"                   ,"ck"
"CL"          ,"Chile"                                               ,"CHL"                ,"152"                 ,"Santiago"                      ,"Chileans"                                 ,"756102"    ,"19116201"  ,"56"      ,"CLP"          ,"Chilean Peso"                           ,"$"              ,"ES"       ,"Spanish"                   ,"cl"
"CM"          ,"Cameroon"                                            ,"CMR"                ,"120"                 ,"Yaounde"                       ,"Cameroonians"                             ,"475440"    ,"26545863"  ,"237"     ,"XAF"          ,"Cfa Franc Beac"                         ,"FCFA"           ,"FR"       ,"French"                    ,"cm"
"CN"          ,"China"                                               ,"CHN"                ,"156"                 ,"Beijing"                       ,"Chinese"                                  ,"9596961"   ,"1439323776","86"      ,"CNY"          ,"Chinese Yuan Renminbi"                  ,"¥"              ,"ZH"       ,"Chinese"                   ,"cn"
"CO"          ,"Colombia"                                            ,"COL"                ,"170"                 ,"Bogota"                        ,"Colombians"                               ,"1138910"   ,"50882891"  ,"57"      ,"COP"          ,"Colombian Peso"                         ,"$"              ,"ES"       ,"Spanish"                   ,"co"
"CR"          ,"Costa Rica"                                          ,"CRI"                ,"188"                 ,"San Jose"                      ,"Costa Ricans"                             ,"51100"     ,"5094118"   ,"506"     ,"CRC"          ,"Costa Rican Colon"                      ,"₡"              ,"ES"       ,"Spanish"                   ,"cr"
"CU"          ,"Cuba"                                                ,"CUB"                ,"192"                 ,"Havana"                        ,"Cubans"                                   ,"110860"    ,"11326616"  ,"53"      ,"CUC"          ,"Cuban Convertible Peso"                 ,"$"              ,"ES"       ,"Spanish"                   ,"cu"
"CV"          ,"Cabo Verde"                                          ,"CPV"                ,"132"                 ,"Praia"                         ,"Cabo Verdeans"                            ,"4033"      ,"555987"    ,"238"     ,"CVE"          ,"Cape Verde Escudo"                      ,"$"              ,"PT"       ,"Portuguese"                ,"cv"
"CW"          ,"Curaçao"                                             ,"CUW"                ,"531"                 ,"Willemstad"                    ,"Curacaoans"                               ,"444"       ,"164093"    ,"5999"    ,"ANG"          ,"Nl Antillian Guilder"                   ,"ƒ"              ,"NL"       ,"Dutch"                     ,"cw"
"CX"          ,"Christmas Island"                                    ,"CXR"                ,"162"                 ,"Flying Fish Cove"              ,"Christmas Islanders"                      ,"135"       ,"1955"      ,"61"      ,"AUD"          ,"Australian Dollar"                      ,"$"              ,"EN"       ,"English"                   ,"cx"
"CY"          ,"Cyprus"                                              ,"CYP"                ,"196"                 ,"Nicosia"                       ,"Cypriots"                                 ,"9251"      ,"1207359"   ,"357"     ,"EUR"          ,"Euro"                                   ,"€"              ,"EL"       ,"Greek"                     ,"cy"
"CZ"          ,"Czechia"                                             ,"CZE"                ,"203"                 ,"Prague"                        ,"Czechs"                                   ,"78867"     ,"10708981"  ,"420"     ,"CZK"          ,"Czech Koruna"                           ,"Kč"             ,"CS"       ,"Czech"                     ,"cz"
"DE"          ,"Germany"                                             ,"DEU"                ,"276"                 ,"Berlin"                        ,"Germans"                                  ,"357022"    ,"83783942"  ,"49"      ,"EUR"          ,"Euro"                                   ,"€"              ,"DE"       ,"German"                    ,"de"
"DJ"          ,"Djibouti"                                            ,"DJI"                ,"262"                 ,"Djibouti"                      ,"Djiboutians"                              ,"23200"     ,"988000"    ,"253"     ,"DJF"          ,"Djiboutian Franc"                       ,"Fdj"            ,"FR"       ,"French"                    ,"dj"
"DK"          ,"Denmark"                                             ,"DNK"                ,"208"                 ,"Copenhagen"                    ,"Danes"                                    ,"43094"     ,"5792202"   ,"45"      ,"DKK"          ,"Danish Krone"                           ,"kr."            ,"DA"       ,"Danish"                    ,"dk"
"DM"          ,"Dominica"                                            ,"DMA"                ,"212"                 ,"Roseau"                        ,"Dominicans"                               ,"751"       ,"71986"     ,"1767"    ,"XCD"          ,"East Caribbean Dollar"                  ,"$"              ,"FR"       ,"French"                    ,"dm"
"DO"          ,"Dominican Republic"                                  ,"DOM"                ,"214"                 ,"Santo Domingo"                 ,"Dominicans"                               ,"48670"     ,"10847910"  ,"1829"    ,"DOP"          ,"Dominican Peso"                         ,"$"              ,"ES"       ,"Spanish"                   ,"do"
"DZ"          ,"Algeria"                                             ,"DZA"                ,"12"                  ,"Algiers"                       ,"Algerians"                                ,"2381741"   ,"43851044"  ,"213"     ,"DZD"          ,"Algerian Dinar"                         ,"DA"             ,"AR"       ,"Arabic"                    ,"dz"
"EC"          ,"Ecuador"                                             ,"ECU"                ,"218"                 ,"Quito"                         ,"Ecuadorians"                              ,"283561"    ,"17643054"  ,"593"     ,"USD"          ,"United States Dollar"                   ,"$"              ,"ES"       ,"Spanish"                   ,"ec"
"EE"          ,"Estonia"                                             ,"EST"                ,"233"                 ,"Tallinn"                       ,"Estonians"                                ,"45228"     ,"1326535"   ,"372"     ,"EUR"          ,"Euro"                                   ,"€"              ,"ET"       ,"Estoniana"                 ,"ee"
"EG"          ,"Egypt"                                               ,"EGY"                ,"818"                 ,"Cairo"                         ,"Egyptians"                                ,"1001450"   ,"102334404" ,"20"      ,"EGP"          ,"Egyptian Pound"                         ,"E£"             ,"AR"       ,"Arabic"                    ,"eg"
"EH"          ,"Western Sahara"                                      ,"ESH"                ,"732"                 ,"Laayoune / El Aaiun"           ,"Sahrawis"                                 ,"266000"    ,"597339"    ,"21"      ,"MAD"          ,"Moroccan Dirham"                        ,"DH"             ,"ES"       ,"Spanish"                   ,"eh"
"ER"          ,"Eritrea"                                             ,"ERI"                ,"232"                 ,"Asmara"                        ,"Eritreans"                                ,"117600"    ,"3546421"   ,"291"     ,"ERN"          ,"Eritrean Nakfa"                         ,"Nkf"            ,"TI"       ,"Tigrinya"                  ,"er"
"ES"          ,"Spain"                                               ,"ESP"                ,"724"                 ,"Madrid"                        ,"Spaniards"                                ,"505370"    ,"46754778"  ,"34"      ,"EUR"          ,"Euro"                                   ,"€"              ,"ES"       ,"Spanish"                   ,"es"
"ET"          ,"Ethiopia"                                            ,"ETH"                ,"231"                 ,"Addis Ababa"                   ,"Ethiopians"                               ,"1104300"   ,"114963588" ,"251"     ,"ETB"          ,"Ethiopian Birr"                         ,"Br"             ,"AM"       ,"Amharic"                   ,"et"
"FI"          ,"Finland"                                             ,"FIN"                ,"246"                 ,"Helsinki"                      ,"Finns"                                    ,"338145"    ,"5540720"   ,"358"     ,"EUR"          ,"Euro"                                   ,"€"              ,"FI"       ,"Finnish"                   ,"fi"
"FJ"          ,"Fiji"                                                ,"FJI"                ,"242"                 ,"Suva"                          ,"Fijians"                                  ,"18274"     ,"896445"    ,"679"     ,"FJD"          ,"Fijian Dollar"                          ,"$"              ,"HI"       ,"Hindi"                     ,"fj"
"FK"          ,"Falkland Islands (Malvinas)"                         ,"FLK"                ,"238"                 ,"Stanley"                       ,"Falkland Islanders"                       ,"12173"     ,"3480"      ,"500"     ,"FKP"          ,"Falkland Islands Pound"                 ,"£"              ,"EN"       ,"English"                   ,"fk"
"FM"          ,"Micronesia (Federated States of)"                    ,"FSM"                ,"583"                 ,"Palikir"                       ,"Micronesians"                             ,"702"       ,"548914"    ,"691"     ,"USD"          ,"United States Dollar"                   ,"$"              ,"EN"       ,"English"                   ,"fm"
"FO"          ,"Faroe Islands"                                       ,"FRO"                ,"234"                 ,"Torshavn"                      ,"Faroese"                                  ,"1393"      ,"48863"     ,"298"     ,"DKK"          ,"Danish Krone"                           ,"kr"             ,"FO"       ,"Faroese"                   ,"fo"
"FR"          ,"France"                                              ,"FRA"                ,"250"                 ,"Paris"                         ,"French"                                   ,"643801"    ,"65273511"  ,"33"      ,"EUR"          ,"Euro"                                   ,"€"              ,"FR"       ,"French"                    ,"fr"
"GA"          ,"Gabon"                                               ,"GAB"                ,"266"                 ,"Libreville"                    ,"Gabonese"                                 ,"267667"    ,"2225734"   ,"241"     ,"XAF"          ,"Cfa Franc Beac"                         ,"FCFA"           ,"FR"       ,"French"                    ,"ga"
"GB"          ,"United Kingdom of Great Britain and Northern Ireland","GBR"                ,"826"                 ,"London"                        ,"British"                                  ,"243610"    ,"67886011"  ,"44"      ,"GBP"          ,"British Pound"                          ,"£"              ,"EN"       ,"English"                   ,"gb"
"GD"          ,"Grenada"                                             ,"GRD"                ,"308"                 ,"Saint George's"                ,"Grenadians"                               ,"344"       ,"112523"    ,"1473"    ,"XCD"          ,"East Caribbean Dollar"                  ,"$"              ,"EN"       ,"English"                   ,"gd"
"GE"          ,"Georgia"                                             ,"GEO"                ,"268"                 ,"Tbilisi"                       ,"Georgians"                                ,"69700"     ,"3989167"   ,"995"     ,"GEL"          ,"Georgian Lari"                          ,"₾"              ,"KA"       ,"Georgian"                  ,"ge"
"GF"          ,"French Guiana"                                       ,"GUF"                ,"254"                 ,"Cayenne"                       ,"French Guianese"                          ,"86504"     ,"298682"    ,"594"     ,"EUR"          ,"Euro"                                   ,"€"              ,"FR"       ,"French"                    ,"gf"
"GG"          ,"Guernsey"                                            ,"GGY"                ,"831"                 ,"Saint Peter Port"              ,"Channel Islanders"                        ,"78"        ,"63155"     ,"44"      ,"GBP"          ,"Pound Sterling"                         ,"£"              ,"FR"       ,"French"                    ,"gg"
"GH"          ,"Ghana"                                               ,"GHA"                ,"288"                 ,"Accra"                         ,"Ghanaians"                                ,"238533"    ,"31072940"  ,"233"     ,"GHS"          ,"Ghanaian New Cedi"                      ,"GH₵"            ,"EE"       ,"Ewe"                       ,"gh"
"GI"          ,"Gibraltar"                                           ,"GIB"                ,"292"                 ,"Gibraltar"                     ,"Gibraltarians"                            ,"6"         ,"33691"     ,"350"     ,"GIP"          ,"Gibraltar Pound"                        ,"£"              ,"ES"       ,"Spanish"                   ,"gi"
"GL"          ,"Greenland"                                           ,"GRL"                ,"304"                 ,"Nuuk"                          ,"Greenlanders"                             ,"2166086"   ,"56770"     ,"299"     ,"DKK"          ,"Danish Krone"                           ,"kr."            ,"DA"       ,"Danish"                    ,"gl"
"GM"          ,"Gambia"                                              ,"GMB"                ,"270"                 ,"Banjul"                        ,"Gambians"                                 ,"11295"     ,"2416668"   ,"220"     ,"GMD"          ,"Gambian Dalasi"                         ,"D"              ,"EN"       ,"English"                   ,"gm"
"GN"          ,"Guinea"                                              ,"GIN"                ,"324"                 ,"Conakry"                       ,"Guineans"                                 ,"245857"    ,"13132795"  ,"224"     ,"GNF"          ,"Guinean Franc"                          ,"FG"             ,"FR"       ,"French"                    ,"gn"
"GP"          ,"Guadeloupe"                                          ,"GLP"                ,"312"                 ,"Basse-terre"                   ,"Guadeloupians"                            ,"1630"      ,"400124"    ,"590"     ,"EUR"          ,"Euro"                                   ,"€"              ,"FR"       ,"French"                    ,"gp"
"GQ"          ,"Equatorial Guinea"                                   ,"GNQ"                ,"226"                 ,"Malabo"                        ,"Equatorial Guineans"                      ,"28051"     ,"1402985"   ,"240"     ,"XAF"          ,"Cfa Franc Beac"                         ,"FCFA"           ,"ES"       ,"Spanish"                   ,"gq"
"GR"          ,"Greece"                                              ,"GRC"                ,"300"                 ,"Athens"                        ,"Greeks"                                   ,"131957"    ,"10423054"  ,"30"      ,"EUR"          ,"Euro"                                   ,"€"              ,"EL"       ,"Greek"                     ,"gr"
"GS"          ,"South Georgia and the South Sandwich Islands"        ,"SGS"                ,"239"                 ,"Grytviken"                     ,"South Georgian or South Sandwich Islander","3903"      ,"0"         ,"-"       ,"GBP"          ,"Pound Sterling"                         ,"£"              ,"EN"       ,"English"                   ,"gs"
"GT"          ,"Guatemala"                                           ,"GTM"                ,"320"                 ,"Guatemala City"                ,"Guatemalans"                              ,"108889"    ,"17915568"  ,"502"     ,"GTQ"          ,"Guatemalan Quetzal"                     ,"Q"              ,"ES"       ,"Spanish"                   ,"gt"
"GU"          ,"Guam"                                                ,"GUM"                ,"316"                 ,"Hagatna"                       ,"Guamanians"                               ,"544"       ,"168775"    ,"1671"    ,"USD"          ,"United States Dollar"                   ,"$"              ,"EN"       ,"English"                   ,"gu"
"GW"          ,"Guinea-Bissau"                                       ,"GNB"                ,"624"                 ,"Bissau"                        ,"Bissau-Guineans"                          ,"36125"     ,"1968001"   ,"245"     ,"XOF"          ,"Cfa Franc Bceao"                        ,"CFA"            ,"PT"       ,"Portuguese"                ,"gw"
"GY"          ,"Guyana"                                              ,"GUY"                ,"328"                 ,"Georgetown"                    ,"Guyanese"                                 ,"214969"    ,"786552"    ,"592"     ,"GYD"          ,"Guyanese Dollar"                        ,"$"              ,"EN"       ,"English"                   ,"gy"
"HK"          ,"Hong Kong"                                           ,"HKG"                ,"344"                 ,"-"                             ,"Hong Kongese"                             ,"1104"      ,"7496981"   ,"852"     ,"HKD"          ,"Hong Kong Dollar"                       ,"$"              ,"ZH"       ,"Chinese"                   ,"hk"
"HM"          ,"Heard Island and McDonald Islands"                   ,"HMD"                ,"334"                 ,"-"                             ,""                                         ,"412"       ,"0"         ,"61"      ,"AUD"          ,"Australian Dollar"                      ,"$"              ,"EN"       ,""                          ,"hm"
"HN"          ,"Honduras"                                            ,"HND"                ,"340"                 ,"Tegucigalpa"                   ,"Hondurans"                                ,"112090"    ,"9904607"   ,"504"     ,"HNL"          ,"Honduran Lempira"                       ,"L"              ,"ES"       ,"Spanish"                   ,"hn"
"HR"          ,"Croatia"                                             ,"HRV"                ,"191"                 ,"Zagreb"                        ,"Croatians"                                ,"56594"     ,"4105267"   ,"385"     ,"HRK"          ,"Croatian Kuna"                          ,"kn"             ,"HR"       ,"Croatian"                  ,"hr"
"HT"          ,"Haiti"                                               ,"HTI"                ,"332"                 ,"Port-au-prince"                ,"Haitians"                                 ,"27750"     ,"11402528"  ,"509"     ,"HTG"          ,"Haitian Gourde"                         ,"G"              ,"FR"       ,"French"                    ,"ht"
"HU"          ,"Hungary"                                             ,"HUN"                ,"348"                 ,"Budapest"                      ,"Hungarians"                               ,"93028"     ,"9660351"   ,"36"      ,"HUF"          ,"Hungarian Forint"                       ,"Ft"             ,"HU"       ,"Hungarian"                 ,"hu"
"ID"          ,"Indonesia"                                           ,"IDN"                ,"360"                 ,"Jakarta"                       ,"Indonesians"                              ,"1904569"   ,"273523615" ,"62"      ,"IDR"          ,"Indonesian Rupiah"                      ,"Rp"             ,"ID"       ,"Indonesian"                ,"id"
"IE"          ,"Ireland"                                             ,"IRL"                ,"372"                 ,"Dublin"                        ,"Irish"                                    ,"70273"     ,"4937786"   ,"353"     ,"EUR"          ,"Euro"                                   ,"€"              ,"GA"       ,"Irish"                     ,"ie"
"IL"          ,"Israel"                                              ,"ISR"                ,"376"                 ,"Jerusalem"                     ,"Israelis"                                 ,"20770"     ,"8655535"   ,"972"     ,"ILS"          ,"Israeli New Shekel"                     ,"₪"              ,"HE"       ,"Hebrew"                    ,"il"
"IM"          ,"Isle of Man"                                         ,"IMN"                ,"833"                 ,"Douglas"                       ,"Manx"                                     ,"572"       ,"85033"     ,"44"      ,"GBP"          ,"British Pound"                          ,"£"              ,"EN"       ,"English"                   ,"im"
"IN"          ,"India"                                               ,"IND"                ,"356"                 ,"New Delhi"                     ,"Indians"                                  ,"3287263"   ,"1380004385","91"      ,"INR"          ,"Indian Rupee"                           ,"₹"              ,"HI"       ,"Hindi, English"            ,"in"
"IO"          ,"British Indian Ocean Territory"                      ,"IOT"                ,"86"                  ,"Diego Garcia"                  ,"British"                                  ,"54400"     ,"3000"      ,"246"     ,"GBP"          ,"British Pound"                          ,"£"              ,"EN"       ,"English"                   ,"io"
"IQ"          ,"Iraq"                                                ,"IRQ"                ,"368"                 ,"Baghdad"                       ,"Iraqis"                                   ,"438317"    ,"40222493"  ,"964"     ,"IQD"          ,"Iraqi Dinar"                            ,"د.ع"            ,"AR"       ,"Arabic"                    ,"iq"
"IR"          ,"Iran (Islamic Republic of)"                          ,"IRN"                ,"364"                 ,"Tehran"                        ,"Iranians"                                 ,"1648195"   ,"83992949"  ,"98"      ,"IRR"          ,"Iranian Rial"                           ,"﷼"              ,"FA"       ,"Persian"                   ,"ir"
"IS"          ,"Iceland"                                             ,"ISL"                ,"352"                 ,"Reykjavik"                     ,"Icelanders"                               ,"103000"    ,"341243"    ,"354"     ,"ISK"          ,"Iceland Krona"                          ,"kr"             ,"IS"       ,"Icelandic"                 ,"is"
"IT"          ,"Italy"                                               ,"ITA"                ,"380"                 ,"Roma"                          ,"Italians"                                 ,"301340"    ,"60461826"  ,"39"      ,"EUR"          ,"Euro"                                   ,"€"              ,"IT"       ,"Italian"                   ,"it"
"JE"          ,"Jersey"                                              ,"JEY"                ,"832"                 ,"Saint Helier"                  ,"Channel Islanders"                        ,"116"       ,"107800"    ,"44"      ,"GBP"          ,"British Pound"                          ,"£"              ,"FR"       ,"French"                    ,"je"
"JM"          ,"Jamaica"                                             ,"JAM"                ,"388"                 ,"Kingston"                      ,"Jamaicans"                                ,"10991"     ,"2961167"   ,"1876"    ,"JMD"          ,"Jamaican Dollar"                        ,"$"              ,"EN"       ,"English (jamaican English)","jm"
"JO"          ,"Jordan"                                              ,"JOR"                ,"400"                 ,"Amman"                         ,"Jordanians"                               ,"89342"     ,"10203134"  ,"962"     ,"JOD"          ,"Jordanian Dinar"                        ,"د.أ"            ,"AR"       ,"Arabic"                    ,"jo"
"JP"          ,"Japan"                                               ,"JPN"                ,"392"                 ,"Tokyo"                         ,"Japanese"                                 ,"377915"    ,"126476461" ,"81"      ,"JPY"          ,"Japanese Yen"                           ,"¥"              ,"JA"       ,"Japanese"                  ,"jp"
"KE"          ,"Kenya"                                               ,"KEN"                ,"404"                 ,"Nairobi"                       ,"Kenyans"                                  ,"580367"    ,"53771296"  ,"254"     ,"KES"          ,"Kenyan Shilling"                        ,"KSh"            ,"EN"       ,"English"                   ,"ke"
"KG"          ,"Kyrgyzstan"                                          ,"KGZ"                ,"417"                 ,"Bishkek"                       ,"Kyrgyzstanis"                             ,"199951"    ,"6524195"   ,"996"     ,"KGS"          ,"Kyrgyzstani Som"                        ,"Лв"             ,"RU"       ,"Russian"                   ,"kg"
"KH"          ,"Cambodia"                                            ,"KHM"                ,"116"                 ,"Phnom Penh"                    ,"Cambodians"                               ,"181035"    ,"16718965"  ,"855"     ,"KHR"          ,"Cambodian Riel"                         ,"៛"              ,"KM"       ,"Khmer"                     ,"kh"
"KI"          ,"Kiribati"                                            ,"KIR"                ,"296"                 ,"Tarawa"                        ,"I-Kiribati"                               ,"811"       ,"119449"    ,"686"     ,"AUD"          ,"Australian Dollar"                      ,"$"              ,"EN"       ,"English"                   ,"ki"
"KM"          ,"Comoros"                                             ,"COM"                ,"174"                 ,"Moroni"                        ,"Comorans"                                 ,"2235"      ,"869601"    ,"269"     ,"KMF"          ,"Comoro Franc"                           ,"CF"             ,"AR"       ,"Arabic"                    ,"km"
"KN"          ,"Saint Kitts and Nevis"                               ,"KNA"                ,"659"                 ,"Basseterre"                    ,"Kittitians or Nevisians"                  ,"261"       ,"53199"     ,"1869"    ,"XCD"          ,"East Caribbean Dollar"                  ,"$"              ,"EN"       ,"English"                   ,"kn"
"KP"          ,"Korea (Democratic People's Republic of)"             ,"PRK"                ,"408"                 ,"Pyongyang"                     ,"Koreans"                                  ,"120538"    ,"25778816"  ,"850"     ,"KPW"          ,"North Korean Won"                       ,"₩"              ,"KO"       ,"Korean"                    ,"kp"
"KR"          ,"Korea (Republic of)"                                 ,"KOR"                ,"410"                 ,"Seoul"                         ,"Koreans"                                  ,"99720"     ,"51269185"  ,"82"      ,"KRW"          ,"South-korean Won"                       ,"₩"              ,"KO"       ,"Korean"                    ,"kr"
"KW"          ,"Kuwait"                                              ,"KWT"                ,"414"                 ,"Kuwait"                        ,"Kuwaitis"                                 ,"17818"     ,"4270571"   ,"965"     ,"KWD"          ,"Kuwaiti Dinar"                          ,"KD"             ,"AR"       ,"Arabic"                    ,"kw"
"KY"          ,"Cayman Islands"                                      ,"CYM"                ,"136"                 ,"George Town"                   ,"Caymanians"                               ,"264"       ,"65722"     ,"1345"    ,"KYD"          ,"Cayman Islands Dollar"                  ,"$"              ,"EN"       ,"English"                   ,"ky"
"KZ"          ,"Kazakhstan"                                          ,"KAZ"                ,"398"                 ,"Astana"                        ,"Kazakhstanis"                             ,"2724900"   ,"18776707"  ,"7"       ,"KZT"          ,"Kazakhstani Tenge"                      ,"₸"              ,"RU"       ,"Russian"                   ,"kz"
"LA"          ,"Lao People's Democratic Republic"                    ,"LAO"                ,"418"                 ,"Vientiane"                     ,"Laos"                                     ,"236800"    ,"7275560"   ,"856"     ,"LAK"          ,"Lao Kip"                                ,"₭"              ,"LO"       ,"Lao"                       ,"la"
"LB"          ,"Lebanon"                                             ,"LBN"                ,"422"                 ,"Beirut"                        ,"Lebanese"                                 ,"10400"     ,"6825445"   ,"961"     ,"LBP"          ,"Lebanese Pound"                         ,"LL"             ,"AR"       ,"Arabica"                   ,"lb"
"LC"          ,"Saint Lucia"                                         ,"LCA"                ,"662"                 ,"Castries"                      ,"Saint Lucians"                            ,"616"       ,"183627"    ,"1758"    ,"XCD"          ,"East Caribbean Dollar"                  ,"$"              ,"EN"       ,"English"                   ,"lc"
"LI"          ,"Liechtenstein"                                       ,"LIE"                ,"438"                 ,"Vaduz"                         ,"Liechtensteiners"                         ,"160"       ,"38128"     ,"423"     ,"CHF"          ,"Swiss Franc"                            ,"Fr."            ,"DE"       ,"German"                    ,"li"
"LK"          ,"Sri Lanka"                                           ,"LKA"                ,"144"                 ,"Sri Jayewardenepura Kotte"     ,"Sri Lankans"                              ,"65610"     ,"21413249"  ,"94"      ,"LKR"          ,"Sri Lanka Rupee"                        ,"රු"             ,"TA"       ,"Tamil"                     ,"lk"
"LR"          ,"Liberia"                                             ,"LBR"                ,"430"                 ,"Monrovia"                      ,"Liberians"                                ,"111369"    ,"5057681"   ,"231"     ,"LRD"          ,"Liberian Dollar"                        ,"$"              ,"EN"       ,"English"                   ,"lr"
"LS"          ,"Lesotho"                                             ,"LSO"                ,"426"                 ,"Maseru"                        ,"Basotho"                                  ,"30355"     ,"2142249"   ,"266"     ,"LSL"          ,"Lesotho Loti"                           ,"M"              ,"EN"       ,"English"                   ,"ls"
"LT"          ,"Lithuania"                                           ,"LTU"                ,"440"                 ,"Vilnius"                       ,"Lithuanians"                              ,"65300"     ,"2722289"   ,"370"     ,"LTL"          ,"Lithuanian Litas"                       ,"Lt"             ,"LT"       ,"Lithuanian"                ,"lt"
"LU"          ,"Luxembourg"                                          ,"LUX"                ,"442"                 ,"Luxembourg"                    ,"Luxembourgers"                            ,"2586"      ,"625978"    ,"352"     ,"EUR"          ,"Euro"                                   ,"€"              ,"FR"       ,"French"                    ,"lu"
"LV"          ,"Latvia"                                              ,"LVA"                ,"428"                 ,"Riga"                          ,"Latvians"                                 ,"64589"     ,"1886198"   ,"371"     ,"EUR"          ,"Euro"                                   ,"€"              ,"LV"       ,"Latvian"                   ,"lv"
"LY"          ,"Libya"                                               ,"LBY"                ,"434"                 ,"Tripoli"                       ,"Libyans"                                  ,"1759540"   ,"6871292"   ,"218"     ,"LYD"          ,"Libyan Dinar"                           ,"LD"             ,"AR"       ,"Arabic"                    ,"ly"
"MA"          ,"Morocco"                                             ,"MAR"                ,"504"                 ,"Rabat"                         ,"Moroccans"                                ,"446550"    ,"36910560"  ,"212"     ,"MAD"          ,"Moroccan Dirham"                        ,"DH"             ,"AR"       ,"Arabic"                    ,"ma"
"MC"          ,"Monaco"                                              ,"MCO"                ,"492"                 ,"Monaco"                        ,"Monacans"                                 ,"2"         ,"39242"     ,"377"     ,"EUR"          ,"Euro"                                   ,"€"              ,"FR"       ,"French"                    ,"mc"
"MD"          ,"Moldova (Republic of)"                               ,"MDA"                ,"498"                 ,"Chisinau"                      ,"Moldovans"                                ,"33851"     ,"4033963"   ,"373"     ,"MDL"          ,"Moldovan Leu"                           ,"L"              ,"RO"       ,"Romanian"                  ,"md"
"ME"          ,"Montenegro"                                          ,"MNE"                ,"499"                 ,"Podgorica"                     ,"Montenegrins"                             ,"13812"     ,"628066"    ,"382"     ,"EUR"          ,"Euro"                                   ,"€"              ,"SR"       ,"Serbian"                   ,"me"
"MF"          ,"Saint Martin (French Part)"                          ,"MAF"                ,"663"                 ,"Marigot"                       ,"Saint-Martinois"                          ,"54"        ,"38666"     ,"590"     ,"EUR"          ,"Euro"                                   ,"€"              ,"FR"       ,"French"                    ,"gp"
"MG"          ,"Madagascar"                                          ,"MDG"                ,"450"                 ,"Antananarivo"                  ,"Malagasy"                                 ,"587041"    ,"27691018"  ,"261"     ,"MGA"          ,"Malagasy Ariary"                        ,"Ar"             ,"FR"       ,"French"                    ,"mg"
"MH"          ,"Marshall Islands"                                    ,"MHL"                ,"584"                 ,"Majuro"                        ,"Marshallese"                              ,"181"       ,"59190"     ,"692"     ,"USD"          ,"United States Dollar"                   ,"$"              ,"EN"       ,"English"                   ,"mh"
"MK"          ,"North Macedonia"                                     ,"MKD"                ,"807"                 ,"Skopje"                        ,"Macedonians"                              ,"25713"     ,"2083374"   ,"389"     ,"MKD"          ,"Macedonian Denar"                       ,"den"            ,"MK"       ,"Macedonian"                ,"mk"
"ML"          ,"Mali"                                                ,"MLI"                ,"466"                 ,"Bamako"                        ,"Malians"                                  ,"1240192"   ,"20250833"  ,"223"     ,"XOF"          ,"Cfa Franc Bceao"                        ,"CFA"            ,"FR"       ,"French"                    ,"ml"
"MM"          ,"Myanmar"                                             ,"MMR"                ,"104"                 ,"Pyinmana"                      ,"Burmese"                                  ,"676578"    ,"54409800"  ,"95"      ,"MMK"          ,"Myanmar Kyat"                           ,"K"              ,"MY"       ,"Burmese"                   ,"mm"
"MN"          ,"Mongolia"                                            ,"MNG"                ,"496"                 ,"Ulaanbaatar"                   ,"Mongolians"                               ,"1564116"   ,"3278290"   ,"976"     ,"MNT"          ,"Mongolian Tugrik"                       ,"₮"              ,"MN"       ,"Mongolian"                 ,"mn"
"MO"          ,"Macao"                                               ,"MAC"                ,"446"                 ,"-"                             ,"Macanese"                                 ,"31.3"      ,"649335"    ,"853"     ,"HKD"          ,"Hong Kong Dollar"                       ,"$"              ,"ZH"       ,"Chinese"                   ,"mo"
"MP"          ,"Northern Mariana Islands"                            ,"MNP"                ,"580"                 ,"Saipan"                        ,"Northern Marianans"                       ,"464"       ,"57559"     ,"1670"    ,"USD"          ,"United States Dollar"                   ,"$"              ,"EN"       ,"English"                   ,"mp"
"MQ"          ,"Martinique"                                          ,"MTQ"                ,"474"                 ,"Fort-de-france"                ,"Martiniquais"                             ,"1128"      ,"375265"    ,"596"     ,"EUR"          ,"Euro"                                   ,"€"              ,"FR"       ,"French"                    ,"mq"
"MR"          ,"Mauritania"                                          ,"MRT"                ,"478"                 ,"Nouakchott"                    ,"Mauritanians"                             ,"1030700"   ,"4649658"   ,"222"     ,"MRO"          ,"Mauritanian Ouguiya"                    ,"UM"             ,"AR"       ,"Arabic"                    ,"mr"
"MS"          ,"Montserrat"                                          ,"MSR"                ,"500"                 ,"Plymouth"                      ,"Montserratians"                           ,"102"       ,"4992"      ,"1664"    ,"XCD"          ,"East Caribbean Dollar"                  ,"$"              ,"EN"       ,"English"                   ,"ms"
"MT"          ,"Malta"                                               ,"MLT"                ,"470"                 ,"Valletta"                      ,"Maltese"                                  ,"316"       ,"441543"    ,"356"     ,"EUR"          ,"Euro"                                   ,"€"              ,"MT"       ,"Maltese"                   ,"mt"
"MU"          ,"Mauritius"                                           ,"MUS"                ,"480"                 ,"Port Louis"                    ,"Mauritians"                               ,"2040"      ,"1271768"   ,"230"     ,"MUR"          ,"Mauritian Rupee"                        ,"₨"              ,"FR"       ,"French"                    ,"mu"
"MV"          ,"Maldives"                                            ,"MDV"                ,"462"                 ,"Male"                          ,"Maldivians"                               ,"298"       ,"540544"    ,"960"     ,"MVR"          ,"Maldivian Rufiyaa"                      ,"Rf"             ,"DV"       ,"Maldivian"                 ,"mv"
"MW"          ,"Malawi"                                              ,"MWI"                ,"454"                 ,"Lilongwe"                      ,"Malawians"                                ,"118484"    ,"19129952"  ,"265"     ,"MWK"          ,"Malawian Kwacha"                        ,"K"              ,"EN"       ,"English"                   ,"mw"
"MX"          ,"Mexico"                                              ,"MEX"                ,"484"                 ,"Mexico City"                   ,"Mexicans"                                 ,"1964375"   ,"128932753" ,"52"      ,"MXN"          ,"Mexican Peso"                           ,"$"              ,"ES"       ,"Spanish"                   ,"mx"
"MY"          ,"Malaysia"                                            ,"MYS"                ,"458"                 ,"Kuala Lumpur"                  ,"Malaysians"                               ,"329847"    ,"32365999"  ,"60"      ,"MYR"          ,"Malaysian Ringgit"                      ,"RM"             ,"MS"       ,"Malay"                     ,"my"
"MZ"          ,"Mozambique"                                          ,"MOZ"                ,"508"                 ,"Maputo"                        ,"Mozambicans"                              ,"799380"    ,"31255435"  ,"258"     ,"MZN"          ,"Mozambican Metical"                     ,"MT"             ,"PT"       ,"Portuguese"                ,"mz"
"NA"          ,"Namibia"                                             ,"NAM"                ,"516"                 ,"Windhoek"                      ,"Namibians"                                ,"824292"    ,"2540905"   ,"264"     ,"NAD"          ,"Namibian Dollar"                        ,"$"              ,"EN"       ,"English"                   ,"na"
"NC"          ,"New Caledonia"                                       ,"NCL"                ,"540"                 ,"Noumea"                        ,"New Caledonians"                          ,"18575"     ,"285498"    ,"687"     ,"XPF"          ,"Cfp Franc"                              ,"₣"              ,"FR"       ,"French"                    ,"nc"
"NE"          ,"Niger"                                               ,"NER"                ,"562"                 ,"Niamey"                        ,"Nigeriens"                                ,"1186408"   ,"24206644"  ,"227"     ,"NZD"          ,"New Zealand Dollar"                     ,"$"              ,"FR"       ,"French"                    ,"ne"
"NF"          ,"Norfolk Island"                                      ,"NFK"                ,"574"                 ,"Kingston"                      ,"Norfolk Islanders"                        ,"36"        ,"1735"      ,"672"     ,"AUD"          ,"Australian Dollar"                      ,"$"              ,"EN"       ,"English"                   ,"nf"
"NG"          ,"Nigeria"                                             ,"NGA"                ,"566"                 ,"Abuja"                         ,"Nigerians"                                ,"923768"    ,"206139589" ,"234"     ,"NGN"          ,"Nigerian Naira"                         ,"₦"              ,"EN"       ,"English"                   ,"ng"
"NI"          ,"Nicaragua"                                           ,"NIC"                ,"558"                 ,"Managua"                       ,"Nicaraguans"                              ,"130370"    ,"6624554"   ,"505"     ,"NIO"          ,"Nicaraguan CÓrdoba"                     ,"C$"             ,"ES"       ,"Spanish"                   ,"ni"
"NL"          ,"Netherlands"                                         ,"NLD"                ,"528"                 ,"Amsterdam"                     ,"Netherlanders"                            ,"41543"     ,"17134872"  ,"31"      ,"EUR"          ,"Euro"                                   ,"€"              ,"NL"       ,"Dutch"                     ,"nl"
"NO"          ,"Norway"                                              ,"NOR"                ,"578"                 ,"Oslo"                          ,"Norwegians"                               ,"323802"    ,"5421241"   ,"47"      ,"NOK"          ,"Norwegian Kroner"                       ,"kr"             ,"NO"       ,"Norwegian"                 ,"no"
"NP"          ,"Nepal"                                               ,"NPL"                ,"524"                 ,"Kathmandu"                     ,"Nepalese"                                 ,"147181"    ,"29136808"  ,"977"     ,"NPR"          ,"Nepalese Rupee"                         ,"रू"             ,"NE"       ,"Nepali"                    ,"np"
"NR"          ,"Nauru"                                               ,"NRU"                ,"520"                 ,"Yaren"                         ,"Nauruans"                                 ,"21"        ,"10824"     ,"674"     ,"AUD"          ,"Australian Dollar"                      ,"$"              ,"EN"       ,"English"                   ,"nr"
"NU"          ,"Niue"                                                ,"NIU"                ,"570"                 ,"Alofi"                         ,"Niueans"                                  ,"260"       ,"1626"      ,"683"     ,"NZD"          ,"New Zealand Dollar"                     ,"$"              ,"EN"       ,"English"                   ,"nu"
"NZ"          ,"New Zealand"                                         ,"NZL"                ,"554"                 ,"Wellington"                    ,"New Zealanders"                           ,"267710"    ,"4822233"   ,"64"      ,"NZD"          ,"New Zealand Dollar"                     ,"$"              ,"EN"       ,"English"                   ,"nz"
"OM"          ,"Oman"                                                ,"OMN"                ,"512"                 ,"Muscat"                        ,"Omanis"                                   ,"309500"    ,"5106626"   ,"968"     ,"OMR"          ,"Omani Rial"                             ,"ر.ع."           ,"AR"       ,"Arabic"                    ,"om"
"PA"          ,"Panama"                                              ,"PAN"                ,"591"                 ,"Panama"                        ,"Panamanians"                              ,"75420"     ,"4314767"   ,"507"     ,"PAB"          ,"Panamanian Balboa"                      ,"B/."            ,"ES"       ,"Spanish"                   ,"pa"
"PE"          ,"Peru"                                                ,"PER"                ,"604"                 ,"Lima"                          ,"Peruvians"                                ,"1285216"   ,"32971854"  ,"51"      ,"PEN"          ,"Peruvian Nuevo Sol"                     ,"S/"             ,"ES"       ,"Spanish"                   ,"pe"
"PF"          ,"French Polynesia"                                    ,"PYF"                ,"258"                 ,"Papeete"                       ,"French Polynesians"                       ,"4167"      ,"280908"    ,"689"     ,"XPF"          ,"Cfp Franc"                              ,"₣"              ,"FR"       ,"French"                    ,"pf"
"PG"          ,"Papua New Guinea"                                    ,"PNG"                ,"598"                 ,"Port Moresby"                  ,"Papua New Guineans"                       ,"462840"    ,"8947024"   ,"675"     ,"PGK"          ,"Papua New Guinean Kina"                 ,"K"              ,"EN"       ,"English"                   ,"pg"
"PH"          ,"Philippines"                                         ,"PHL"                ,"608"                 ,"Manila"                        ,"Filipinos"                                ,"300000"    ,"109581078" ,"63"      ,"PHP"          ,"Philippine Peso"                        ,"₱"              ,"EN"       ,"English"                   ,"ph"
"PK"          ,"Pakistan"                                            ,"PAK"                ,"586"                 ,"Islamabad"                     ,"Pakistanis"                               ,"796095"    ,"220892340" ,"92"      ,"PKR"          ,"Pakistan Rupee"                         ,"₨"              ,"UR"       ,"Urdu"                      ,"pk"
"PL"          ,"Poland"                                              ,"POL"                ,"616"                 ,"Warsaw"                        ,"Poles"                                    ,"312685"    ,"37846611"  ,"48"      ,"PLN"          ,"Polish Zloty"                           ,"zł"             ,"PL"       ,"Polish"                    ,"pl"
"PM"          ,"Saint Pierre and Miquelon"                           ,"SPM"                ,"666"                 ,"Saint-pierre"                  ,"Saint-Pierrais or Miquelonnais"           ,"242"       ,"5794"      ,"508"     ,"EUR"          ,"Euro"                                   ,"€"              ,"FR"       ,"French"                    ,"pm"
"PN"          ,"Pitcairn"                                            ,"PCN"                ,"612"                 ,"Adamstown"                     ,"Pitcairn Islanders"                       ,"47"        ,"50"        ,"872"     ,"NZD"          ,"New Zealand Dollar"                     ,"$"              ,"EN"       ,"English"                   ,"pn"
"PR"          ,"Puerto Rico"                                         ,"PRI"                ,"630"                 ,"San Juan"                      ,"Puerto Ricans"                            ,"13790"     ,"2860853"   ,"1939"    ,"USD"          ,"United States Dollar"                   ,"$"              ,"ES"       ,"Spanish"                   ,"pr"
"PS"          ,"Palestine, State of"                                 ,"PSE"                ,"275"                 ,"-"                             ,"Palestinians"                             ,"5860"      ,"5101414"   ,"972"     ,"ILS"          ,"Israeli New Shekel"                     ,"₪"              ,"EN"       ,"English"                   ,"ps"
"PT"          ,"Portugal"                                            ,"PRT"                ,"620"                 ,"Lisbon"                        ,"Portuguese"                               ,"92090"     ,"10196709"  ,"351"     ,"EUR"          ,"Euro"                                   ,"€"              ,"PT"       ,"Portuguese"                ,"pt"
"PW"          ,"Palau"                                               ,"PLW"                ,"585"                 ,"Melekeok - Palau State Capital","Palauans"                                 ,"459"       ,"18094"     ,"680"     ,"USD"          ,"United States Dollar"                   ,"$"              ,"EN"       ,"English"                   ,"pw"
"PY"          ,"Paraguay"                                            ,"PRY"                ,"600"                 ,"Asuncion"                      ,"Paraguayans"                              ,"406752"    ,"7132538"   ,"595"     ,"PYG"          ,"Paraguayan GuaranÍ"                     ,"₲"              ,"ES"       ,"Spanish"                   ,"py"
"QA"          ,"Qatar"                                               ,"QAT"                ,"634"                 ,"Doha"                          ,"Qataris"                                  ,"11586"     ,"2881053"   ,"974"     ,"QAR"          ,"Qatari Riyal"                           ,"QR"             ,"AR"       ,"Arabic"                    ,"qa"
"RE"          ,"Reunion"                                             ,"REU"                ,"638"                 ,"Saint-denis"                   ,"Réunionese"                               ,"2512"      ,"895312"    ,"262"     ,"EUR"          ,"Euro"                                   ,"€"              ,"EN"       ,"English"                   ,"re"
"RO"          ,"Romania"                                             ,"ROU"                ,"642"                 ,"Bucharest"                     ,"Romanians"                                ,"238391"    ,"19237691"  ,"40"      ,"RON"          ,"Romanian New Lei"                       ,"RON"            ,"RO"       ,"Romanian"                  ,"ro"
"RS"          ,"Serbia"                                              ,"SRB"                ,"688"                 ,"Belgrade"                      ,"Serbians"                                 ,"77474"     ,"8737371"   ,"381"     ,"RSD"          ,"Serbian Dinar"                          ,"din"            ,"SR"       ,"Serbian"                   ,"rs"
"RU"          ,"Russian Federation"                                  ,"RUS"                ,"643"                 ,"Moscow"                        ,"Russians"                                 ,"17098242"  ,"145934462" ,"7"       ,"RUB"          ,"Russian Rouble"                         ,"₽"              ,"RU"       ,"Russian"                   ,"ru"
"RW"          ,"Rwanda"                                              ,"RWA"                ,"646"                 ,"Kigali"                        ,"Rwandans"                                 ,"26338"     ,"12952218"  ,"250"     ,"RWF"          ,"Rwandan Franc"                          ,"FRw"            ,"FR"       ,"French"                    ,"rw"
"SA"          ,"Saudi Arabia"                                        ,"SAU"                ,"682"                 ,"Riyadh"                        ,"Saudis"                                   ,"2149690"   ,"34813871"  ,"966"     ,"SAR"          ,"Saudi Riyal"                            ,"SR"             ,"AR"       ,"Arabic"                    ,"sa"
"SB"          ,"Solomon Islands"                                     ,"SLB"                ,"90"                  ,"Honiara"                       ,"Solomon Islanders"                        ,"28896"     ,"686884"    ,"677"     ,"SBD"          ,"Solomon Islands Dollar"                 ,"$"              ,"EN"       ,"English"                   ,"sb"
"SC"          ,"Seychelles"                                          ,"SYC"                ,"690"                 ,"Victoria"                      ,"Seychellois"                              ,"455"       ,"98347"     ,"248"     ,"SCR"          ,"Seychelles Rupee"                       ,"SR"             ,"FR"       ,"French"                    ,"sc"
"SD"          ,"Sudan"                                               ,"SDN"                ,"729"                 ,"Khartoum"                      ,"Sudanese"                                 ,"1861484"   ,"43849260"  ,"249"     ,"SDG"          ,"Sudanese Pound"                         ,"SD"             ,"AR"       ,"Arabic"                    ,"sd"
"SE"          ,"Sweden"                                              ,"SWE"                ,"752"                 ,"Stockholm"                     ,"Swedes"                                   ,"450295"    ,"10099265"  ,"46"      ,"SEK"          ,"Swedish Krona"                          ,"kr"             ,"SV"       ,"Swedish"                   ,"se"
"SG"          ,"Singapore"                                           ,"SGP"                ,"702"                 ,"Singapore"                     ,"Singaporeans"                             ,"697"       ,"5850342"   ,"65"      ,"SGD"          ,"Singapore Dollar"                       ,"$"              ,"EN"       ,"English"                   ,"sg"
"SH"          ,"Saint Helena, Ascension and Tristan da Cunha"        ,"SHN"                ,"654"                 ,"Jamestown"                     ,"Saint Helenians"                          ,"122"       ,"6077"      ,"290"     ,"SHP"          ,"Saint Helena Pound"                     ,"£"              ,"EN"       ,"English"                   ,"sh"
"SI"          ,"Slovenia"                                            ,"SVN"                ,"705"                 ,"Ljubljana"                     ,"Slovenes"                                 ,"20273"     ,"2078938"   ,"386"     ,"EUR"          ,"Euro"                                   ,"€"              ,"SL"       ,"Slovene"                   ,"si"
"SJ"          ,"Svalbard and Jan Mayen"                              ,"SJM"                ,"744"                 ,"Longyearbyen"                  ,"Slovakians"                               ,"62045"     ,"2926"      ,"47"      ,"NOK"          ,"Norwegian Krone"                        ,"kr"             ,"NO"       ,"Norwegian"                 ,"sj"
"SK"          ,"Slovakia"                                            ,"SVK"                ,"703"                 ,"Bratislava"                    ,"Sierra Leoneans"                          ,"49035"     ,"5459642"   ,"421"     ,"EUR"          ,"Euro"                                   ,"€"              ,"SK"       ,"Slovak"                    ,"sk"
"SL"          ,"Sierra Leone"                                        ,"SLE"                ,"694"                 ,"Freetown"                      ,"Sammarinese"                              ,"71740"     ,"7976983"   ,"232"     ,"SLL"          ,"Sierra Leonean Leone"                   ,"Le"             ,"EN"       ,"English"                   ,"sl"
"SM"          ,"San Marino"                                          ,"SMR"                ,"674"                 ,"San Marino"                    ,"Sammarinese"                              ,"61"        ,"33931"     ,"378"     ,"EUR"          ,"Euro"                                   ,"€"              ,"IT"       ,"Italian"                   ,"sm"
"SN"          ,"Senegal"                                             ,"SEN"                ,"686"                 ,"Dakar"                         ,"Somalis"                                  ,"196722"    ,"16743927"  ,"221"     ,"XOF"          ,"Cfa Franc Bceao"                        ,"CFA"            ,"FR"       ,"French"                    ,"sn"
"SO"          ,"Somalia"                                             ,"SOM"                ,"706"                 ,"Mogadishu"                     ,"Somalilanders"                            ,"637657"    ,"15893222"  ,"252"     ,"SOS"          ,"Somali Shilling"                        ,"Sh.So."         ,"AR"       ,"Arabic"                    ,"so"
"SR"          ,"Suriname"                                            ,"SUR"                ,"740"                 ,"Paramaribo"                    ,"Surinamers"                               ,"163820"    ,"586632"    ,"597"     ,"SRD"          ,"Surinamese Dollar"                      ,"$"              ,"NL"       ,"Dutch"                     ,"sr"
"SS"          ,"South Sudan"                                         ,"SSD"                ,"728"                 ,"Juba"                          ,"South Sudanese"                           ,"644329"    ,"11193725"  ,"211"     ,"SSP"          ,"South Sudanese Pound"                   ,"SD"             ,"EN"       ,"English"                   ,"ss"
"ST"          ,"Sao Tome and Principe"                               ,"STP"                ,"678"                 ,"Sao Tome"                      ,"Sao Tomeans"                              ,"964"       ,"219159"    ,"239"     ,"STD"          ,"Droba"                                  ,"Db"             ,"PT"       ,"Portuguese"                ,"st"
"SV"          ,"El Salvador"                                         ,"SLV"                ,"222"                 ,"San Salvador"                  ,"Salvadorans"                              ,"21041"     ,"6486205"   ,"503"     ,"NOK"          ,"Norwegian Kroner"                       ,"kr"             ,"ES"       ,"Spanish"                   ,"sv"
"SX"          ,"Sint Maarten (Dutch Part)"                           ,"SXM"                ,"534"                 ,"Philipsburg"                   ,"Sint Maartener"                           ,"34"        ,"42876"     ,"1721"    ,"ANG"          ,"Nl Antillian Guilder"                   ,"ƒ"              ,"NL"       ,"Dutch"                     ,"sx"
"SY"          ,"Syrian Arab Republic"                                ,"SYR"                ,"760"                 ,"Damascus"                      ,"Syrians"                                  ,"185180"    ,"17500658"  ,"963"     ,"SYP"          ,"Syrian Pound"                           ,"LS"             ,"AR"       ,"Arabic"                    ,"sy"
"SZ"          ,"Eswatini"                                            ,"SWZ"                ,"748"                 ,"Mbabane"                       ,"Swazis"                                   ,"17364"     ,"1160164"   ,"268"     ,"SZL"          ,"Swazi Lilangeni"                        ,"L"              ,"EN"       ,"English"                   ,"sz"
"TC"          ,"Turks and Caicos Islands"                            ,"TCA"                ,"796"                 ,"Cockburn Town"                 ,"Turks and Caicos Islanders"               ,"948"       ,"38717"     ,"1649"    ,"USD"          ,"United States Dollar"                   ,"$"              ,"EN"       ,"English"                   ,"tc"
"TD"          ,"Chad"                                                ,"TCD"                ,"148"                 ,"N'djamena"                     ,"Chadians"                                 ,"1284000"   ,"16425864"  ,"235"     ,"XAF"          ,"Cfa Franc Beac"                         ,"FCFA"           ,"AR"       ,"Arabic"                    ,"td"
"TF"          ,"French Southern Territories"                         ,"ATF"                ,"260"                 ,"Port-aux-francais"             ,"French"                                   ,"439781"    ,"140"       ,"262"     ,"EUR"          ,"Euro"                                   ,"€"              ,"FR"       ,"French"                    ,"tf"
"TG"          ,"Togo"                                                ,"TGO"                ,"768"                 ,"Lome"                          ,"Togolese"                                 ,"56785"     ,"8278724"   ,"228"     ,"XOF"          ,"Cfa Franc Bceao"                        ,"CFA"            ,"FR"       ,"French"                    ,"tg"
"TH"          ,"Thailand"                                            ,"THA"                ,"764"                 ,"Bangkok"                       ,"Thai"                                     ,"513120"    ,"69799978"  ,"66"      ,"THB"          ,"Thai Baht"                              ,"฿"              ,"TH"       ,"Thai"                      ,"th"
"TJ"          ,"Tajikistan"                                          ,"TJK"                ,"762"                 ,"Dushanbe"                      ,"Tajikistanis"                             ,"143100"    ,"9537645"   ,"992"     ,"TJS"          ,"Tajikistani Somoni"                     ,"ЅM"             ,"FA"       ,"Persian"                   ,"tj"
"TK"          ,"Tokelau"                                             ,"TKL"                ,"772"                 ,"-"                             ,"Tokelauans"                               ,"12"        ,"1357"      ,"690"     ,"NZD"          ,"New Zealand Dollar"                     ,"$"              ,"EN"       ,"English"                   ,"tk"
"TL"          ,"Timor-Leste"                                         ,"TLS"                ,"626"                 ,"Dili"                          ,"Timorese"                                 ,"14874"     ,"1318445"   ,"670"     ,"NZD"          ,"New Zealand Dollar"                     ,"$"              ,"PT"       ,"Portuguese"                ,"tl"
"TM"          ,"Turkmenistan"                                        ,"TKM"                ,"795"                 ,"Ashgabat"                      ,"Turkmens"                                 ,"488100"    ,"6031200"   ,"993"     ,"TMT"          ,"Turkmenistani Manat"                    ,"T"              ,"RU"       ,"Russian"                   ,"tm"
"TN"          ,"Tunisia"                                             ,"TUN"                ,"788"                 ,"Tunis"                         ,"Tunisians"                                ,"163610"    ,"11818619"  ,"216"     ,"TND"          ,"Tunisian Dinar"                         ,"DT"             ,"AR"       ,"Literary Arabic"           ,"tn"
"TO"          ,"Tonga"                                               ,"TON"                ,"776"                 ,"Nuku'alofa"                    ,"Tongans"                                  ,"747"       ,"105695"    ,"676"     ,"TOP"          ,"Tongan Pa'anga"                         ,"T$"             ,"EN"       ,"English"                   ,"to"
"TR"          ,"Turkey"                                              ,"TUR"                ,"792"                 ,"Ankara"                        ,"Turks"                                    ,"783562"    ,"84339067"  ,"90"      ,"TRY"          ,"Turkish Lira"                           ,"₺"              ,"TR"       ,"Turkish"                   ,"tr"
"TT"          ,"Trinidad and Tobago"                                 ,"TTO"                ,"780"                 ,"Port of Spain"                 ,"Trinidadians or Tobagonians"              ,"5128"      ,"1399488"   ,"1868"    ,"TTD"          ,"Trinidad/tobago Dollar"                 ,"$"              ,"EN"       ,"English"                   ,"tt"
"TV"          ,"Tuvalu"                                              ,"TUV"                ,"798"                 ,"Funafuti"                      ,"Tuvaluans"                                ,"26"        ,"11792"     ,"688"     ,"AUD"          ,"Australian Dollar"                      ,"$"              ,"EN"       ,"Tuvaluan English"          ,"tv"
"TW"          ,"Taiwan (Province of China)"                          ,"TWN"                ,"158"                 ,"Taipei"                        ,"Taiwanese"                                ,"35980"     ,"23816775"  ,"886"     ,"TWD"          ,"Taiwan Dollar"                          ,"NT$"            ,"ZH"       ,"Chinese Tw"                ,"tw"
"TZ"          ,"Tanzania, United Republic of"                        ,"TZA"                ,"834"                 ,"Dodoma"                        ,"Tanzanians"                               ,"947300"    ,"59734218"  ,"255"     ,"TZS"          ,"Tanzanian Shilling"                     ,"TSh"            ,"EN"       ,"English"                   ,"tz"
"UA"          ,"Ukraine"                                             ,"UKR"                ,"804"                 ,"Kiev"                          ,"Ukrainians"                               ,"603550"    ,"43733762"  ,"380"     ,"UAH"          ,"Ukrainian Hryvnia"                      ,"₴"              ,"UK"       ,"Ukrainian"                 ,"ua"
"UG"          ,"Uganda"                                              ,"UGA"                ,"800"                 ,"Kampala"                       ,"Ugandans"                                 ,"241038"    ,"45741007"  ,"256"     ,"UGX"          ,"Ugandan Shilling"                       ,"USh"            ,"EN"       ,"English"                   ,"ug"
"UM"          ,"United States Minor Outlying Islands"                ,"UMI"                ,"581"                 ,"-"                             ,"‎American Islander"                       ,"34.2"      ,"300"       ,"-"       ,"USD"          ,"United States Dollar"                   ,"$"              ,"EN"       ,"English"                   ,"um"
"US"          ,"United States of America"                            ,"USA"                ,"840"                 ,"Washington, D.C."              ,"Americans"                                ,"9826675"   ,"331002651" ,"1"       ,"USD"          ,"United States Dollar"                   ,"$"              ,"EN"       ,"English"                   ,"us"
"UY"          ,"Uruguay"                                             ,"URY"                ,"858"                 ,"Montevideo"                    ,"Uruguayans"                               ,"176215"    ,"3473730"   ,"598"     ,"UYI"          ,"Uruguay Peso En Unidades Indexadas"     ,"$"              ,"ES"       ,"Spanish"                   ,"uy"
"UZ"          ,"Uzbekistan"                                          ,"UZB"                ,"860"                 ,"Tashkent"                      ,"Uzbekistanis"                             ,"447400"    ,"33469203"  ,"998"     ,"UZS"          ,"Uzbekistan Som"                         ,"som"            ,"UZ"       ,"Uzbek"                     ,"uz"
"VA"          ,"Holy See"                                            ,"VAT"                ,"336"                 ,"Vatican City"                  ,"Vatican citizens"                         ,"0.44"      ,"801"       ,"39"      ,"EUR"          ,"Euro"                                   ,"€"              ,"EN"       ,"Latin"                     ,"va"
"VC"          ,"Saint Vincent and the Grenadines"                    ,"VCT"                ,"670"                 ,"Kingstown"                     ,"Saint Vincentians"                        ,"389"       ,"110940"    ,"1784"    ,"XCD"          ,"East Caribbean Dollar"                  ,"$"              ,"EN"       ,"English"                   ,"vc"
"VE"          ,"Venezuela (Bolivarian Republic of)"                  ,"VEN"                ,"862"                 ,"Caracas"                       ,"Venezuelans"                              ,"912050"    ,"28435940"  ,"58"      ,"VEF"          ,"Venezuelan Bolivar Fuerte"              ,"Bs.S."          ,"ES"       ,"Spanish"                   ,"ve"
"VG"          ,"Virgin Islands (British)"                            ,"VGB"                ,"92"                  ,"Road Town"                     ,"British Virgin Islanders"                 ,"151"       ,"30231"     ,"1284"    ,"USD"          ,"United States Dollar"                   ,"$"              ,"EN"       ,"English"                   ,"vg"
"VI"          ,"Virgin Islands (U.S.)"                               ,"VIR"                ,"850"                 ,"Charlotte Amalie"              ,"U.S. Virgin Islanders"                    ,"1910"      ,"104425"    ,"1340"    ,"USD"          ,"United States Dollar"                   ,"$"              ,"EN"       ,"English"                   ,"vi"
"VN"          ,"Viet Nam"                                            ,"VNM"                ,"704"                 ,"Ha Noi"                        ,"Vietnamese"                               ,"331210"    ,"97338579"  ,"84"      ,"VND"          ,"Vietnamese Dong"                        ,"₫"              ,"VI"       ,"Vietnamese"                ,"vn"
"VU"          ,"Vanuatu"                                             ,"VUT"                ,"548"                 ,"Port-vila"                     ,"Ni-Vanuatu"                               ,"12189"     ,"307145"    ,"678"     ,"VUV"          ,"Vanuatu Vatu"                           ,"VT"             ,"FR"       ,"French"                    ,"vu"
"WF"          ,"Wallis and Futuna"                                   ,"WLF"                ,"876"                 ,"Mata'utu"                      ,"Wallisians or Futunans"                   ,"142"       ,"11239"     ,"681"     ,"XPF"          ,"Cfp Franc"                              ,"₣"              ,"FR"       ,"French"                    ,"wf"
"WS"          ,"Samoa"                                               ,"WSM"                ,"882"                 ,"Apia"                          ,"Samoans"                                  ,"2831"      ,"198414"    ,"685"     ,"WST"          ,"Samoan Tala"                            ,"WS$"            ,"EN"       ,"English"                   ,"ws"
"YE"          ,"Yemen"                                               ,"YEM"                ,"887"                 ,"Sanaa"                         ,"Yemenis"                                  ,"527968"    ,"29825964"  ,"967"     ,"YER"          ,"Yemeni Rial"                            ,"﷼"              ,"AR"       ,"Arabic"                    ,"ye"
"YT"          ,"Mayotte"                                             ,"MYT"                ,"175"                 ,"Mamoudzou"                     ,"Mahorans"                                 ,"374"       ,"272815"    ,"262"     ,"EUR"          ,"Euro"                                   ,"€"              ,"FR"       ,"French"                    ,"yt"
"ZA"          ,"South Africa"                                        ,"ZAF"                ,"710"                 ,"Cape Town"                     ,"South Africans"                           ,"1219090"   ,"59308690"  ,"27"      ,"ZAR"          ,"South African Rand"                     ,"R"              ,"AF"       ,"Afrikaans"                 ,"za"
"ZM"          ,"Zambia"                                              ,"ZMB"                ,"894"                 ,"Lusaka"                        ,"Zambians"                                 ,"752618"    ,"18383955"  ,"260"     ,"ZMW"          ,"Zambian Kwacha"                         ,"K"              ,"EN"       ,"English"                   ,"zm"
"ZW"          ,"Zimbabwe"                                            ,"ZWE"                ,"716"                 ,"Harare"                        ,"Zimbabweans"                              ,"390757"    ,"14862924"  ,"263"     ,"ZWD"          ,"Zimbabwe Dollar"                        ,"$"              ,"EN"       ,"English"                   ,"zw"
